Date,Open,High,Low,Close,Adj Close,Volume
13-10-2017,0.801597,0.803,0.799354,0.801603,0.801603,0
16-10-2017,0.801385,0.80197,0.796851,0.801475,0.801475,0
17-10-2017,0.798563,0.798658,0.794344,0.798531,0.798531,0
18-10-2017,0.800237,0.801802,0.798021,0.800128,0.800128,0
19-10-2017,0.80224,0.803277,0.800955,0.802195,0.802195,0
20-10-2017,0.801423,0.801603,0.79228,0.801237,0.801237,0
23-10-2017,0.791352,0.792896,0.789989,0.791327,0.791327,0
24-10-2017,0.791202,0.79233,0.789042,0.791202,0.791202,0
25-10-2017,0.789173,0.789921,0.781043,0.789204,0.789204,0
26-10-2017,0.781586,0.78235,0.778755,0.781677,0.781677,0
27-10-2017,0.778246,0.778331,0.774246,0.778331,0.778331,0
30-10-2017,0.779606,0.780518,0.777563,0.779344,0.779344,0
31-10-2017,0.779606,0.779788,0.774443,0.77977,0.77977,0
01-11-2017,0.775687,0.777001,0.774713,0.775723,0.775723,0
02-11-2017,0.777061,0.780945,0.777061,0.776741,0.776741,0
03-11-2017,0.780945,0.786176,0.779126,0.780792,0.780792,0
06-11-2017,0.783619,0.785423,0.782381,0.783699,0.783699,0
07-11-2017,0.786535,0.786844,0.780147,0.786559,0.786559,0
08-11-2017,0.783656,0.785978,0.782859,0.783613,0.783613,0
09-11-2017,0.785688,0.788208,0.784911,0.785682,0.785682,0
10-11-2017,0.788718,0.78954,0.787718,0.788749,0.788749,0
13-11-2017,0.787848,0.788768,0.784972,0.78791,0.78791,0
14-11-2017,0.785219,0.78729,0.782938,0.785133,0.785133,0
15-11-2017,0.785151,0.786609,0.782008,0.785238,0.785238,0
16-11-2017,null,null,null,null,null,null
17-11-2017,0.783846,0.786658,0.77991,0.783828,0.783828,0
20-11-2017,0.781519,0.784012,0.780792,0.781739,0.781739,0
21-11-2017,0.780457,0.784271,0.779089,0.780439,0.780439,0
22-11-2017,0.782963,0.786411,0.782791,0.78284,0.78284,0
23-11-2017,0.786999,0.789204,0.78596,0.787092,0.787092,0
24-11-2017,0.786596,0.787836,0.78456,0.786621,0.786621,0
27-11-2017,0.786559,0.788706,0.784252,0.786535,0.786535,0
28-11-2017,0.783816,0.784191,0.779818,0.783797,0.783797,0
29-11-2017,0.780384,0.780921,0.776838,0.780354,0.780354,0
30-11-2017,0.777267,0.778168,0.775086,0.777484,0.777484,0
01-12-2017,0.775621,0.787581,0.775386,0.775711,0.775711,0
04-12-2017,0.786293,0.789883,0.785848,0.786281,0.786281,0
05-12-2017,0.788824,0.792023,0.787606,0.78883,0.78883,0
06-12-2017,0.787774,0.790127,0.781702,0.787774,0.787774,0
07-12-2017,0.782044,0.782069,0.777224,0.78205,0.78205,0
08-12-2017,0.777805,0.780469,0.776476,0.777726,0.777726,0
11-12-2017,0.777665,0.779545,0.777109,0.777605,0.777605,0
12-12-2017,0.778041,0.780463,0.776018,0.778028,0.778028,0
13-12-2017,0.777055,0.779861,0.776458,0.777122,0.777122,0
14-12-2017,0.780189,0.781311,0.77743,0.780275,0.780275,0
15-12-2017,0.781629,0.784997,0.778434,0.781586,0.781586,0
18-12-2017,0.776681,0.778755,0.776373,0.776735,0.776735,0
19-12-2017,0.777248,0.77821,0.774425,0.777309,0.777309,0
20-12-2017,0.776518,0.780092,0.776464,0.776506,0.776506,0
21-12-2017,0.779685,0.78625,0.778907,0.779642,0.779642,0
22-12-2017,0.785009,0.787513,0.781598,0.785176,0.785176,0
25-12-2017,0.785978,0.788606,0.781739,0.785793,0.785793,0
26-12-2017,0.786411,0.788246,0.785694,0.786442,0.786442,0
27-12-2017,0.788208,0.792079,0.787718,0.788208,0.788208,0
28-12-2017,0.790414,0.794856,0.790345,0.790533,0.790533,0
29-12-2017,0.795988,0.798945,0.795513,0.79583,0.79583,0
01-01-2018,0.794862,0.809481,0.791264,0.794862,0.794862,0
02-01-2018,0.796565,0.800006,0.796394,0.796495,0.796495,0
03-01-2018,0.799744,0.799994,0.797124,0.79975,0.79975,0
04-01-2018,0.797016,0.799309,0.796508,0.79701,0.79701,0
05-01-2018,0.800596,0.809166,0.799226,0.800621,0.800621,0
08-01-2018,0.80677,0.807898,0.803632,0.806894,0.806894,0
09-01-2018,0.805432,0.806582,0.8015,0.805503,0.805503,0
10-01-2018,0.80186,0.804635,0.80041,0.801719,0.801719,0
11-01-2018,0.797894,0.798499,0.794527,0.798046,0.798046,0
12-01-2018,0.798594,0.800346,0.796483,0.798786,0.798786,0
15-01-2018,0.802536,0.806296,0.801963,0.802542,0.802542,0
16-01-2018,0.804602,0.80653,0.803135,0.804861,0.804861,0
17-01-2018,0.804894,0.806016,0.799942,0.804816,0.804816,0
18-01-2018,0.80362,0.804473,0.801032,0.80402,0.80402,0
19-01-2018,0.805854,0.806517,0.802343,0.805717,0.805717,0
22-01-2018,0.800852,0.804137,0.800307,0.800891,0.800891,0
23-01-2018,0.803045,0.804337,0.800596,0.803084,0.803084,0
24-01-2018,0.805503,0.81182,0.804835,0.805523,0.805523,0
25-01-2018,0.809782,0.814166,0.809756,0.809553,0.809553,0
26-01-2018,0.807696,0.81281,0.807513,0.808016,0.808016,0
29-01-2018,0.812077,0.812282,0.809179,0.81215,0.81215,0
30-01-2018,0.810675,0.812348,0.807865,0.810754,0.810754,0
31-01-2018,0.810642,0.816027,0.809953,0.810629,0.810629,0
01-02-2018,0.812777,0.815076,0.810971,0.812876,0.812876,0
02-02-2018,0.815794,0.81586,0.806185,0.815621,0.815621,0
05-02-2018,0.804285,0.806647,0.80048,0.804376,0.804376,0
06-02-2018,0.797811,0.799642,0.7959,0.797709,0.797709,0
07-02-2018,0.799655,0.800237,0.796648,0.799725,0.799725,0
08-02-2018,0.795716,0.796997,0.792889,0.795862,0.795862,0
09-02-2018,0.794155,0.795855,0.788606,0.794243,0.794243,0
12-02-2018,0.794401,0.796495,0.792374,0.79447,0.79447,0
13-02-2018,0.794849,0.795748,0.792154,0.795102,0.795102,0
14-02-2018,0.794325,0.797887,0.790683,0.794344,0.794344,0
15-02-2018,0.801122,0.802195,0.79769,0.801077,0.801077,0
16-02-2018,0.801308,0.803181,0.796654,0.801154,0.801154,0
19-02-2018,0.796343,0.798276,0.794187,0.796381,0.796381,0
20-02-2018,0.795703,0.796305,0.791929,0.795735,0.795735,0
21-02-2018,0.790764,0.790952,0.788501,0.790701,0.790701,0
22-02-2018,0.787457,0.789004,0.784277,0.787544,0.787544,0
23-02-2018,0.786516,0.791246,0.785861,0.786658,0.786658,0
26-02-2018,0.790695,0.792738,0.786733,0.790608,0.790608,0
27-02-2018,0.788308,0.789472,0.783675,0.788395,0.788395,0
28-02-2018,0.782889,0.783638,0.780171,0.783018,0.783018,0
01-03-2018,0.779059,0.77994,0.777375,0.779241,0.779241,0
02-03-2018,0.779411,0.780153,0.775002,0.779296,0.779296,0
05-03-2018,0.776036,0.776542,0.770001,0.77591,0.77591,0
06-03-2018,0.770464,0.777079,0.76958,0.770422,0.770422,0
07-03-2018,0.772356,0.775464,0.76955,0.772266,0.772266,0
08-03-2018,0.774953,0.777188,0.772141,0.774821,0.774821,0
09-03-2018,0.775494,0.780031,0.774713,0.775428,0.775428,0
12-03-2018,0.780518,0.781189,0.778919,0.780506,0.780506,0
13-03-2018,0.778616,0.779423,0.77312,0.778689,0.778689,0
14-03-2018,0.771807,0.773784,0.770772,0.771784,0.771784,0
15-03-2018,0.771974,0.772463,0.765615,0.772082,0.772082,0
16-03-2018,0.765972,0.766577,0.763534,0.766184,0.766184,0
19-03-2018,0.76372,0.766078,0.76194,0.763825,0.763825,0
20-03-2018,0.764421,0.765837,0.763394,0.764491,0.764491,0
21-03-2018,0.764853,0.772165,0.764801,0.764853,0.764853,0
22-03-2018,0.775308,0.779454,0.773204,0.775362,0.775362,0
23-03-2018,0.773395,0.779697,0.773084,0.773329,0.773329,0
26-03-2018,0.776398,0.778816,0.774072,0.776355,0.776355,0
27-03-2018,0.779029,0.780323,0.775176,0.779053,0.779053,0
28-03-2018,0.77647,0.777424,0.773467,0.776488,0.776488,0
29-03-2018,0.774114,0.777315,0.773389,0.77406,0.77406,0
30-03-2018,0.775958,0.777641,0.775242,0.775976,0.775976,0
02-04-2018,0.775603,0.777406,0.773455,0.775621,0.775621,0
03-04-2018,0.773964,0.782387,0.773916,0.773934,0.773934,0
04-04-2018,0.780945,0.782816,0.778483,0.780872,0.780872,0
05-04-2018,0.784129,0.784578,0.781079,0.784037,0.784037,0
06-04-2018,0.783128,0.785299,0.781537,0.783134,0.783134,0
09-04-2018,0.782411,0.787358,0.78022,0.782552,0.782552,0
10-04-2018,0.787172,0.79343,0.787079,0.787278,0.787278,0
11-04-2018,0.793991,0.797035,0.792255,0.794067,0.794067,0
12-04-2018,0.795735,0.796115,0.79233,0.795735,0.795735,0
13-04-2018,0.79442,0.796813,0.792745,0.794357,0.794357,0
16-04-2018,0.793569,0.795545,0.792236,0.793537,0.793537,0
17-04-2018,0.795729,0.797346,0.795033,0.795798,0.795798,0
18-04-2018,0.796343,0.796857,0.790708,0.796286,0.796286,0
19-04-2018,0.792142,0.794218,0.790826,0.792017,0.792017,0
20-04-2018,0.789496,0.791434,0.78456,0.789584,0.789584,0
23-04-2018,0.783288,0.784375,0.778349,0.783288,0.783288,0
24-04-2018,0.778598,0.780299,0.777708,0.778574,0.778574,0
25-04-2018,0.779873,0.780031,0.775428,0.779952,0.779952,0
26-04-2018,0.778974,0.779873,0.776283,0.779059,0.779059,0
27-04-2018,0.777001,0.778392,0.775218,0.776983,0.776983,0
30-04-2018,0.778671,0.780329,0.776765,0.778828,0.778828,0
01-05-2018,0.779302,0.780092,0.774563,0.779338,0.779338,0
02-05-2018,0.778513,0.780957,0.776271,0.778501,0.778501,0
03-05-2018,0.776295,0.780153,0.774839,0.776277,0.776277,0
04-05-2018,0.778228,0.779059,0.774287,0.778174,0.778174,0
07-05-2018,0.777835,0.778998,0.775765,0.777859,0.777859,0
08-05-2018,0.776349,0.776759,0.769408,0.776458,0.776458,0
09-05-2018,0.772302,0.778543,0.770832,0.772559,0.772559,0
10-05-2018,0.778416,0.784665,0.778265,0.778228,0.778228,0
11-05-2018,0.783024,0.785546,0.78136,0.783098,0.783098,0
14-05-2018,0.782405,0.78408,0.78183,0.782411,0.782411,0
15-05-2018,0.781232,0.7818,0.773808,0.78125,0.78125,0
16-05-2018,0.776868,0.782601,0.776741,0.776874,0.776874,0
17-05-2018,0.782154,0.784314,0.780037,0.78235,0.78235,0
18-05-2018,0.779126,0.781836,0.774617,0.779089,0.779089,0
21-05-2018,0.77647,0.779362,0.775837,0.776572,0.776572,0
22-05-2018,0.78284,0.784701,0.782167,0.782724,0.782724,0
23-05-2018,0.780415,0.780512,0.774341,0.780275,0.780275,0
24-05-2018,0.778938,0.779059,0.77412,0.77918,0.77918,0
25-05-2018,0.776024,0.776331,0.770108,0.776217,0.776217,0
28-05-2018,0.770642,0.770891,0.768179,0.770648,0.770648,0
29-05-2018,0.76974,0.77082,0.76653,0.769722,0.769722,0
30-05-2018,0.767601,0.778919,0.766942,0.76746,0.76746,0
31-05-2018,0.775699,0.780092,0.769936,0.775609,0.775609,0
01-06-2018,0.772547,0.773246,0.769065,0.772553,0.772553,0
04-06-2018,0.771855,0.775194,0.771855,0.771962,0.771962,0
05-06-2018,0.77397,0.774413,0.765462,0.773754,0.773754,0
06-06-2018,0.772977,0.77743,0.771956,0.772857,0.772857,0
07-06-2018,0.772445,0.773216,0.769704,0.772451,0.772451,0
08-06-2018,0.770256,0.772243,0.767642,0.770297,0.770297,0
11-06-2018,0.771099,0.771903,0.767701,0.771075,0.771075,0
12-06-2018,0.769989,0.770446,0.768256,0.769989,0.769989,0
13-06-2018,0.768344,0.771813,0.76653,0.768291,0.768291,0
14-06-2018,0.770743,0.772195,0.764573,0.770814,0.770814,0
15-06-2018,0.762259,0.762602,0.757616,0.762422,0.762422,0
18-06-2018,0.757685,0.759873,0.755898,0.757748,0.757748,0
19-06-2018,0.756945,0.757645,0.752491,0.756934,0.756934,0
20-06-2018,0.753182,0.753682,0.751366,0.75308,0.75308,0
21-06-2018,0.751478,0.752559,0.750024,0.751507,0.751507,0
22-06-2018,0.750937,0.753972,0.747613,0.750897,0.750897,0
25-06-2018,0.753012,0.753449,0.750824,0.75308,0.75308,0
26-06-2018,0.752004,0.753069,0.750283,0.752015,0.752015,0
27-06-2018,0.75175,0.753109,0.750435,0.751789,0.751789,0
28-06-2018,0.750199,0.755036,0.74908,0.750221,0.750221,0
29-06-2018,0.754489,0.761302,0.753739,0.754421,0.754421,0
02-07-2018,0.760607,0.760636,0.756676,0.760584,0.760584,0
03-07-2018,0.758288,0.76147,0.757283,0.7583,0.7583,0
04-07-2018,0.760827,0.762585,0.759844,0.760919,0.760919,0
05-07-2018,0.760971,0.762544,0.759982,0.761087,0.761087,0
06-07-2018,0.761186,0.76476,0.760462,0.761267,0.761267,0
09-07-2018,0.763609,0.765345,0.762695,0.763598,0.763598,0
10-07-2018,0.762747,0.763277,0.760786,0.762759,0.762759,0
11-07-2018,0.760809,0.765351,0.759175,0.760861,0.760861,0
12-07-2018,0.757002,0.760404,0.756773,0.757174,0.757174,0
13-07-2018,0.759573,0.760398,0.757151,0.759578,0.759578,0
16-07-2018,0.760029,0.762736,0.759844,0.760109,0.760109,0
17-07-2018,0.761232,0.762835,0.75765,0.761249,0.761249,0
18-07-2018,0.75749,0.757955,0.75425,0.757381,0.757381,0
19-07-2018,0.759428,0.759878,0.753273,0.759423,0.759423,0
20-07-2018,0.754154,0.762491,0.752508,0.754148,0.754148,0
23-07-2018,0.762242,0.762544,0.759913,0.7623,0.7623,0
24-07-2018,0.759359,0.761133,0.758167,0.759359,0.759359,0
25-07-2018,0.760404,0.764444,0.759538,0.760439,0.760439,0
26-07-2018,0.766971,0.767778,0.763965,0.767042,0.767042,0
27-07-2018,0.765199,0.766383,0.764783,0.765169,0.765169,0
30-07-2018,0.765498,0.769645,0.764637,0.765638,0.765638,0
31-07-2018,0.767666,0.76929,0.763837,0.767577,0.767577,0
01-08-2018,0.768155,0.770588,0.767318,0.768167,0.768167,0
02-08-2018,0.76929,0.769586,0.766989,0.76932,0.76932,0
03-08-2018,0.76779,0.771069,0.767065,0.767784,0.767784,0
06-08-2018,0.768456,0.769959,0.76703,0.768415,0.768415,0
07-08-2018,0.769071,0.771486,0.767855,0.769172,0.769172,0
08-08-2018,0.765826,0.76646,0.762567,0.765767,0.765767,0
09-08-2018,0.768031,0.769219,0.766472,0.768108,0.768108,0
10-08-2018,0.766636,0.766695,0.761829,0.76653,0.76653,0
13-08-2018,0.760468,0.763132,0.759371,0.760456,0.760456,0
14-08-2018,0.761441,0.765052,0.761296,0.761487,0.761487,0
15-08-2018,0.765814,0.766043,0.759094,0.765931,0.765931,0
16-08-2018,0.760647,0.762544,0.759711,0.760838,0.760838,0
17-08-2018,0.759936,0.765292,0.759474,0.759907,0.759907,0
20-08-2018,0.765814,0.766348,0.763971,0.765709,0.765709,0
21-08-2018,0.766754,0.768462,0.765908,0.766783,0.766783,0
22-08-2018,0.767207,0.768817,0.766777,0.767207,0.767207,0
23-08-2018,0.768687,0.768699,0.764982,0.768775,0.768775,0
24-08-2018,0.76344,0.768167,0.763213,0.763277,0.763277,0
27-08-2018,0.768634,0.772022,0.765386,0.76871,0.76871,0
28-08-2018,0.771438,0.775771,0.770357,0.771409,0.771409,0
29-08-2018,0.773503,0.775074,0.77167,0.773425,0.773425,0
30-08-2018,0.775014,0.775014,0.769266,0.774941,0.774941,0
31-08-2018,0.770054,0.77006,0.764211,0.770066,0.770066,0
03-09-2018,0.765638,0.766636,0.763236,0.765697,0.765697,0
04-09-2018,0.763592,0.763884,0.757232,0.763668,0.763668,0
05-09-2018,0.7591,0.759896,0.757249,0.759054,0.759054,0
06-09-2018,0.759129,0.759688,0.756132,0.759048,0.759048,0
07-09-2018,0.760231,0.762765,0.758881,0.760179,0.760179,0
10-09-2018,0.759152,0.760358,0.757702,0.759359,0.759359,0
11-09-2018,0.759676,0.761499,0.759111,0.759746,0.759746,0
12-09-2018,0.765638,0.7699,0.764655,0.76555,0.76555,0
13-09-2018,0.769172,0.770564,0.767819,0.769231,0.769231,0
14-09-2018,0.7689,0.770297,0.766507,0.768911,0.768911,0
17-09-2018,0.766624,0.769112,0.766407,0.766712,0.766712,0
18-09-2018,0.765544,0.770653,0.765544,0.765492,0.765492,0
19-09-2018,0.770891,0.773186,0.769598,0.770915,0.770915,0
20-09-2018,0.774132,0.776138,0.773593,0.774108,0.774108,0
21-09-2018,0.774623,0.775976,0.772792,0.774665,0.774665,0
24-09-2018,0.774413,0.774713,0.772302,0.774413,0.774413,0
25-09-2018,0.772195,0.773007,0.770939,0.772278,0.772278,0
26-09-2018,0.771772,0.772678,0.77063,0.771772,0.771772,0
27-09-2018,0.766977,0.767695,0.764508,0.767065,0.767065,0
28-09-2018,0.767154,0.774473,0.766971,0.767083,0.767083,0
01-10-2018,0.778774,0.78205,0.777478,0.77878,0.77878,0
02-10-2018,0.780409,0.781433,0.778883,0.780512,0.780512,0
03-10-2018,0.779952,0.780731,0.778616,0.780098,0.780098,0
04-10-2018,0.776488,0.777768,0.775014,0.776518,0.776518,0
05-10-2018,0.773964,0.774851,0.77195,0.773994,0.773994,0
08-10-2018,0.772308,0.772678,0.76864,0.77232,0.77232,0
09-10-2018,0.771962,0.772201,0.769089,0.771962,0.771962,0
10-10-2018,0.772815,0.773694,0.769621,0.772917,0.772917,0
11-10-2018,0.766248,0.767695,0.765105,0.766231,0.766231,0
12-10-2018,0.767324,0.769112,0.766877,0.767389,0.767389,0
15-10-2018,0.767896,0.771891,0.766254,0.767855,0.767855,0
16-10-2018,0.769616,0.773407,0.76932,0.769627,0.769627,0
17-10-2018,0.773162,0.773246,0.769006,0.77306,0.77306,0
18-10-2018,0.767754,0.767996,0.765738,0.767754,0.767754,0
19-10-2018,0.764637,0.767577,0.762544,0.76459,0.76459,0
22-10-2018,0.763359,0.764643,0.76241,0.763161,0.763161,0
23-10-2018,0.763469,0.764409,0.762195,0.763534,0.763534,0
24-10-2018,0.764421,0.769942,0.763417,0.764485,0.764485,0
25-10-2018,0.766472,0.768344,0.763493,0.76643,0.76643,0
26-10-2018,0.76497,0.76497,0.760098,0.76507,0.76507,0
29-10-2018,0.763557,0.764468,0.761475,0.763621,0.763621,0
30-10-2018,0.761586,0.763359,0.760821,0.761684,0.761684,0
31-10-2018,0.762462,0.762736,0.761105,0.762544,0.762544,0
01-11-2018,0.759965,0.765228,0.759446,0.760023,0.760023,0
02-11-2018,0.763819,0.76646,0.762567,0.76393,0.76393,0
05-11-2018,0.763417,0.765111,0.762643,0.763318,0.763318,0
06-11-2018,0.7628,0.763126,0.761354,0.762823,0.762823,0
07-11-2018,0.762509,0.765931,0.760063,0.76241,0.76241,0
08-11-2018,0.762428,0.764175,0.761911,0.762445,0.762445,0
09-11-2018,0.760774,0.760774,0.755944,0.760873,0.760873,0
12-11-2018,0.758006,0.758725,0.756064,0.757983,0.757983,0
13-11-2018,0.75523,0.756773,0.754296,0.755173,0.755173,0
14-11-2018,0.756247,0.756956,0.754267,0.756167,0.756167,0
15-11-2018,0.754945,0.758093,0.754802,0.754888,0.754888,0
16-11-2018,0.759244,0.761806,0.758403,0.759186,0.759186,0
19-11-2018,0.760607,0.760607,0.757536,0.760659,0.760659,0
20-11-2018,0.759296,0.760225,0.753653,0.759209,0.759209,0
21-11-2018,0.751535,0.753915,0.750954,0.751597,0.751597,0
22-11-2018,0.756006,0.757553,0.755116,0.756144,0.756144,0
23-11-2018,0.758208,0.758323,0.754455,0.758116,0.758116,0
26-11-2018,0.756064,0.758346,0.755213,0.756086,0.756086,0
27-11-2018,0.75466,0.755561,0.751191,0.754518,0.754518,0
28-11-2018,0.752038,0.752332,0.748581,0.75214,0.75214,0
29-11-2018,0.753245,0.754501,0.751399,0.753239,0.753239,0
30-11-2018,0.75333,0.753415,0.750058,0.753296,0.753296,0
03-12-2018,0.754432,0.759907,0.75375,0.754398,0.754398,0
04-12-2018,0.757616,0.759763,0.756882,0.757708,0.757708,0
05-12-2018,0.754432,0.754558,0.74657,0.754432,0.754432,0
06-12-2018,0.748352,0.748352,0.74392,0.748503,0.748503,0
07-12-2018,0.746787,0.754478,0.746336,0.74662,0.74662,0
10-12-2018,0.750249,0.75231,0.746096,0.750334,0.750334,0
11-12-2018,0.746258,0.747496,0.745118,0.746386,0.746386,0
12-12-2018,0.747468,0.750514,0.747027,0.747474,0.747474,0
13-12-2018,0.74898,0.749625,0.747362,0.749288,0.749288,0
14-12-2018,0.74903,0.749288,0.74623,0.749232,0.749232,0
17-12-2018,0.747021,0.747887,0.745896,0.746943,0.746943,0
18-12-2018,0.745601,0.746742,0.742479,0.745584,0.745584,0
19-12-2018,0.743251,0.74544,0.741757,0.743108,0.743108,0
20-12-2018,0.742126,0.743693,0.739322,0.742121,0.742121,0
21-12-2018,0.740823,0.741235,0.736849,0.740829,0.740829,0
24-12-2018,0.735451,0.737246,0.735251,0.735543,0.735543,0
25-12-2018,0.734862,0.738656,0.728438,0.734862,0.734862,0
26-12-2018,0.736106,0.736703,0.734506,0.736052,0.736052,0
27-12-2018,0.736708,0.736708,0.732113,0.736757,0.736757,0
28-12-2018,0.73416,0.735673,0.732113,0.734268,0.734268,0
31-12-2018,0.733891,0.734862,0.731872,0.734107,0.734107,0
01-01-2019,0.746586,0.753972,0.732816,0.746586,0.746586,0
02-01-2019,0.733945,0.736974,0.732086,0.733923,0.733923,0
03-01-2019,0.733676,0.742192,0.732923,0.733611,0.733611,0
04-01-2019,0.74206,0.747306,0.741257,0.741906,0.741906,0
07-01-2019,0.748005,0.752547,0.747608,0.747982,0.747982,0
08-01-2019,0.752066,0.75375,0.750807,0.752106,0.752106,0
09-01-2019,0.754842,0.758714,0.754484,0.754888,0.754888,0
10-01-2019,0.756819,0.757174,0.754358,0.756916,0.756916,0
11-01-2019,0.755498,0.758668,0.753364,0.755344,0.755344,0
14-01-2019,0.753744,0.754546,0.752044,0.753727,0.753727,0
15-01-2019,0.75325,0.756041,0.752876,0.753233,0.753233,0
16-01-2019,0.754148,0.755584,0.752819,0.754171,0.754171,0
17-01-2019,0.754119,0.754444,0.750847,0.754222,0.754222,0
18-01-2019,0.752972,0.755504,0.752921,0.753001,0.753001,0
21-01-2019,0.753296,0.754489,0.750965,0.753296,0.753296,0
22-01-2019,0.752049,0.752163,0.74894,0.752163,0.752163,0
23-01-2019,0.748744,0.751586,0.748089,0.748727,0.748727,0
24-01-2019,0.749738,0.750356,0.747719,0.749563,0.749563,0
25-01-2019,0.748974,0.755407,0.748727,0.749036,0.749036,0
28-01-2019,0.756315,0.757461,0.752751,0.756372,0.756372,0
29-01-2019,0.754011,0.755059,0.753188,0.754131,0.754131,0
30-01-2019,0.753472,0.75834,0.753006,0.7535,0.7535,0
31-01-2019,0.760861,0.762195,0.759676,0.760977,0.760977,0
01-02-2019,0.761818,0.764269,0.760092,0.761853,0.761853,0
04-02-2019,0.763545,0.764351,0.760693,0.763417,0.763417,0
05-02-2019,0.762544,0.763359,0.760398,0.762398,0.762398,0
06-02-2019,0.761963,0.762021,0.757163,0.761963,0.761963,0
07-02-2019,0.756773,0.756779,0.7521,0.75683,0.75683,0
08-02-2019,0.751219,0.755744,0.750272,0.751264,0.751264,0
11-02-2019,0.753233,0.754006,0.750914,0.753352,0.753352,0
12-02-2019,0.751693,0.755287,0.751095,0.75188,0.75188,0
13-02-2019,0.755881,0.757811,0.754489,0.755938,0.755938,0
14-02-2019,0.754165,0.756201,0.74967,0.754199,0.754199,0
15-02-2019,0.752015,0.754267,0.75123,0.752049,0.752049,0
18-02-2019,0.755247,0.756201,0.75515,0.755344,0.755344,0
19-02-2019,0.755578,0.755647,0.753023,0.755629,0.755629,0
20-02-2019,0.757037,0.760514,0.756853,0.757065,0.757065,0
21-02-2019,0.75929,0.759763,0.757272,0.759301,0.759301,0
22-02-2019,0.755904,0.759019,0.755253,0.756121,0.756121,0
25-02-2019,0.761516,0.762579,0.758495,0.761557,0.761557,0
26-02-2019,0.758553,0.759059,0.755567,0.758426,0.758426,0
27-02-2019,0.759763,0.762428,0.759025,0.759763,0.759763,0
28-02-2019,0.760589,0.761,0.757277,0.760746,0.760746,0
01-03-2019,0.759567,0.761731,0.75316,0.75963,0.75963,0
04-03-2019,0.75278,0.753296,0.750047,0.752808,0.752808,0
05-03-2019,0.751219,0.751315,0.748553,0.751208,0.751208,0
06-03-2019,0.748744,0.748951,0.743273,0.748879,0.748879,0
07-03-2019,0.743865,0.74549,0.743716,0.743882,0.743882,0
08-03-2019,0.743848,0.746631,0.742705,0.743788,0.743788,0
11-03-2019,0.745101,0.746536,0.744192,0.745268,0.745268,0
12-03-2019,0.746464,0.747926,0.74539,0.74657,0.74657,0
13-03-2019,0.748553,0.751258,0.748077,0.748671,0.748671,0
14-03-2019,0.751908,0.751993,0.749243,0.752163,0.752163,0
15-03-2019,0.750525,0.752502,0.747949,0.750486,0.750486,0
18-03-2019,0.749625,0.751693,0.748682,0.749569,0.749569,0
19-03-2019,0.749625,0.754586,0.74944,0.749794,0.749794,0
20-03-2019,0.750441,0.750976,0.749271,0.750638,0.750638,0
21-03-2019,0.752615,0.753352,0.747552,0.752672,0.752672,0
22-03-2019,0.747949,0.748951,0.744868,0.748223,0.748223,0
25-03-2019,0.74499,0.746263,0.743865,0.744879,0.744879,0
26-03-2019,0.746714,0.747842,0.745668,0.746714,0.746714,0
27-03-2019,0.74739,0.747608,0.74433,0.747434,0.747434,0
28-03-2019,0.745301,0.746336,0.744181,0.745618,0.745618,0
29-03-2019,0.744596,0.749468,0.743981,0.744574,0.744574,0
01-04-2019,0.749176,0.749839,0.748167,0.749232,0.749232,0
02-04-2019,0.751151,0.751654,0.747854,0.751258,0.751258,0
03-04-2019,0.749204,0.752163,0.749086,0.749457,0.749457,0
04-04-2019,0.749283,0.749681,0.74787,0.749513,0.749513,0
05-04-2019,0.748167,0.749232,0.746308,0.74824,0.74824,0
08-04-2019,0.747736,0.75101,0.747066,0.747887,0.747887,0
09-04-2019,0.751145,0.752785,0.750463,0.751112,0.751112,0
10-04-2019,0.7503,0.75092,0.748587,0.750311,0.750311,0
11-04-2019,0.750807,0.751033,0.746553,0.750875,0.750875,0
12-04-2019,0.747395,0.751089,0.747155,0.747501,0.747501,0
15-04-2019,0.749991,0.752049,0.746938,0.750047,0.750047,0
16-04-2019,0.74796,0.749288,0.746196,0.748055,0.748055,0
17-04-2019,0.748565,0.753296,0.747966,0.748542,0.748542,0
18-04-2019,0.749075,0.749176,0.746486,0.749176,0.749176,0
19-04-2019,0.747664,0.748357,0.74677,0.747608,0.747608,0
22-04-2019,0.747272,0.74912,0.747272,0.747334,0.747334,0
23-04-2019,0.749457,0.749457,0.744735,0.749327,0.749327,0
24-04-2019,0.744635,0.744713,0.739853,0.744729,0.744729,0
25-04-2019,0.74107,0.741785,0.73988,0.741125,0.741125,0
26-04-2019,0.741889,0.743494,0.740905,0.74195,0.74195,0
29-04-2019,0.742942,0.743716,0.741906,0.742942,0.742942,0
30-04-2019,0.743218,0.744934,0.741845,0.743235,0.743235,0
01-05-2019,0.74682,0.747664,0.745062,0.746943,0.746943,0
02-05-2019,0.744114,0.744657,0.742115,0.744109,0.744109,0
03-05-2019,0.742363,0.74599,0.741746,0.742435,0.742435,0
06-05-2019,0.742391,0.743882,0.741114,0.742269,0.742269,0
07-05-2019,0.743511,0.745657,0.74168,0.743555,0.743555,0
08-05-2019,0.742236,0.743882,0.741526,0.742446,0.742446,0
09-05-2019,0.742225,0.742391,0.740576,0.742264,0.742264,0
10-05-2019,0.742887,0.747367,0.741933,0.74265,0.74265,0
13-05-2019,0.744048,0.745268,0.742071,0.744081,0.744081,0
14-05-2019,0.742016,0.743218,0.74151,0.74206,0.74206,0
15-05-2019,0.742997,0.744762,0.74118,0.742942,0.742942,0
16-05-2019,0.74387,0.746324,0.743754,0.743959,0.743959,0
17-05-2019,0.742732,0.743417,0.740061,0.742832,0.742832,0
20-05-2019,0.743705,0.745368,0.743705,0.743666,0.743666,0
21-05-2019,0.74489,0.746491,0.744441,0.744757,0.744757,0
22-05-2019,null,null,null,null,null,null
23-05-2019,0.744197,0.744325,0.74068,0.744241,0.744241,0
24-05-2019,0.742176,0.74407,0.741768,0.742192,0.742192,0
27-05-2019,0.744181,0.744713,0.7434,0.744325,0.744325,0
28-05-2019,0.744192,0.744491,0.741906,0.744158,0.744158,0
29-05-2019,0.7414,0.74184,0.738476,0.741427,0.741427,0
30-05-2019,0.740001,0.74162,0.739678,0.740083,0.740083,0
31-05-2019,0.739022,0.740302,0.737338,0.739377,0.739377,0
03-06-2019,0.7397,0.742826,0.739497,0.739634,0.739634,0
04-06-2019,0.744031,0.745301,0.743721,0.743965,0.743965,0
05-06-2019,0.746837,0.748447,0.745707,0.746804,0.746804,0
06-06-2019,0.745045,0.748391,0.744657,0.745156,0.745156,0
07-06-2019,0.748649,0.753795,0.748178,0.748839,0.748839,0
10-06-2019,0.75375,0.754626,0.753131,0.753642,0.753642,0
11-06-2019,0.753869,0.754774,0.752264,0.753852,0.753852,0
12-06-2019,0.753069,0.753409,0.751659,0.753001,0.753001,0
13-06-2019,0.749968,0.751936,0.749681,0.750019,0.750019,0
14-06-2019,0.750469,0.750469,0.747016,0.75034,0.75034,0
17-06-2019,0.745823,0.746659,0.745262,0.745768,0.745768,0
18-06-2019,0.745823,0.747161,0.744513,0.745712,0.745712,0
19-06-2019,0.747753,0.749636,0.747289,0.747719,0.747719,0
20-06-2019,0.753631,0.760358,0.753631,0.753597,0.753597,0
21-06-2019,0.758415,0.759717,0.756172,0.758547,0.758547,0
24-06-2019,0.75753,0.758956,0.756848,0.757553,0.757553,0
25-06-2019,0.758587,0.760341,0.757846,0.758668,0.758668,0
26-06-2019,0.759071,0.762806,0.75811,0.758817,0.758817,0
27-06-2019,0.762038,0.762951,0.761203,0.762137,0.762137,0
28-06-2019,0.763738,0.765503,0.763324,0.763691,0.763691,0
01-07-2019,0.763913,0.764351,0.761765,0.763919,0.763919,0
02-07-2019,0.76136,0.762951,0.761186,0.761499,0.761499,0
03-07-2019,0.763341,0.765404,0.762305,0.763592,0.763592,0
04-07-2019,0.76589,0.766989,0.764608,0.765867,0.765867,0
05-07-2019,0.766401,0.766518,0.76129,0.766378,0.766378,0
08-07-2019,0.764631,0.766342,0.763452,0.764783,0.764783,0
09-07-2019,0.763184,0.763592,0.761203,0.763236,0.763236,0
10-07-2019,0.761678,0.765228,0.761093,0.761905,0.761905,0
11-07-2019,0.764918,0.766871,0.76393,0.764935,0.764935,0
12-07-2019,0.765181,0.768285,0.765181,0.765257,0.765257,0
15-07-2019,0.767342,0.768108,0.766266,0.767283,0.767283,0
16-07-2019,0.766401,0.76799,0.765539,0.76643,0.76643,0
17-07-2019,0.764234,0.766942,0.763808,0.764146,0.764146,0
18-07-2019,0.766002,0.76693,0.763685,0.766107,0.766107,0
19-07-2019,0.76723,0.767872,0.763009,0.76713,0.76713,0
22-07-2019,0.765978,0.766883,0.762352,0.766166,0.766166,0
23-07-2019,0.76169,0.762195,0.759751,0.761847,0.761847,0
24-07-2019,0.761035,0.762311,0.760664,0.761087,0.761087,0
25-07-2019,0.760827,0.762486,0.760398,0.760873,0.760873,0
26-07-2019,0.759792,0.760225,0.757742,0.759994,0.759994,0
29-07-2019,0.759417,0.760543,0.758622,0.759359,0.759359,0
30-07-2019,0.759567,0.759936,0.758156,0.759676,0.759676,0
31-07-2019,0.760514,0.762893,0.760092,0.760595,0.760595,0
01-08-2019,0.757857,0.757978,0.754939,0.757978,0.757978,0
02-08-2019,0.756905,0.757117,0.753852,0.756779,0.756779,0
05-08-2019,0.757386,0.758864,0.754888,0.757409,0.757409,0
06-08-2019,0.756716,0.758328,0.753795,0.756767,0.756767,0
07-08-2019,0.752967,0.753636,0.7494,0.752995,0.752995,0
08-08-2019,0.751157,0.755481,0.751157,0.75123,0.75123,0
09-08-2019,0.755926,0.757232,0.753409,0.755972,0.755972,0
12-08-2019,0.756716,0.756848,0.754745,0.756578,0.756578,0
13-08-2019,0.75555,0.758127,0.752445,0.755504,0.755504,0
14-08-2019,0.756762,0.756951,0.7507,0.756888,0.756888,0
15-08-2019,0.751371,0.752615,0.749732,0.751315,0.751315,0
16-08-2019,0.750813,0.753296,0.750548,0.750926,0.750926,0
19-08-2019,0.753699,0.75466,0.751428,0.753756,0.753756,0
20-08-2019,0.750249,0.751428,0.749434,0.750311,0.750311,0
21-08-2019,0.75088,0.754546,0.750858,0.751033,0.751033,0
22-08-2019,0.752661,0.75329,0.751095,0.752672,0.752672,0
23-08-2019,0.752145,0.753052,0.749709,0.752145,0.752145,0
26-08-2019,0.751202,0.753716,0.751089,0.751145,0.751145,0
27-08-2019,0.754575,0.756258,0.752848,0.754592,0.754592,0
28-08-2019,0.75274,0.752785,0.750892,0.752717,0.752717,0
29-08-2019,0.75149,0.753523,0.750852,0.751484,0.751484,0
30-08-2019,0.752848,0.754774,0.751292,0.752955,0.752955,0
02-09-2019,0.750847,0.751315,0.748615,0.75092,0.75092,0
03-09-2019,0.750008,0.750356,0.747345,0.750019,0.750019,0
04-09-2019,0.749738,0.755401,0.749738,0.749721,0.749721,0
05-09-2019,0.756121,0.758035,0.755059,0.756127,0.756127,0
06-09-2019,0.755892,0.759936,0.755629,0.755915,0.755915,0
09-09-2019,0.759382,0.761081,0.758938,0.759417,0.759417,0
10-09-2019,0.759365,0.761325,0.758162,0.759365,0.759365,0
11-09-2019,0.760688,0.761209,0.757518,0.760705,0.760705,0
12-09-2019,0.75853,0.759013,0.756624,0.758466,0.758466,0
13-09-2019,0.756991,0.757002,0.753574,0.756916,0.756916,0
16-09-2019,0.756785,0.75683,0.753568,0.75683,0.75683,0
17-09-2019,0.75531,0.755458,0.752191,0.755241,0.755241,0
18-09-2019,0.75519,0.75531,0.752797,0.755344,0.755344,0
19-09-2019,0.751987,0.754831,0.751507,0.752219,0.752219,0
20-09-2019,0.754119,0.754375,0.751885,0.754301,0.754301,0
23-09-2019,0.753756,0.754023,0.751659,0.753807,0.753807,0
24-09-2019,0.75408,0.755002,0.753398,0.754108,0.754108,0
25-09-2019,0.755224,0.755515,0.752604,0.755253,0.755253,0
26-09-2019,0.754222,0.755681,0.753449,0.754318,0.754318,0
27-09-2019,0.753631,0.756756,0.753188,0.753693,0.753693,0
30-09-2019,0.75547,0.756315,0.754256,0.755572,0.755572,0
01-10-2019,0.755144,0.755801,0.752513,0.755173,0.755173,0
02-10-2019,0.756601,0.757404,0.751134,0.756601,0.756601,0
03-10-2019,0.750278,0.75132,0.749238,0.750283,0.750283,0
04-10-2019,0.749754,0.751993,0.749743,0.749811,0.749811,0
07-10-2019,0.751654,0.752615,0.750165,0.751524,0.751524,0
08-10-2019,0.75171,0.752672,0.749901,0.751744,0.751744,0
09-10-2019,0.750734,0.752163,0.750137,0.750672,0.750672,0
10-10-2019,0.750024,0.753579,0.749406,0.749906,0.749906,0
11-10-2019,0.752621,0.759267,0.751908,0.752678,0.752678,0
14-10-2019,0.75745,0.75761,0.755669,0.757633,0.757633,0
15-10-2019,0.756201,0.757736,0.755378,0.756201,0.756201,0
16-10-2019,0.7573,0.758524,0.756012,0.757461,0.757461,0
17-10-2019,0.757404,0.761615,0.756945,0.757576,0.757576,0
18-10-2019,0.761261,0.761789,0.760856,0.761278,0.761278,0
21-10-2019,0.761516,0.763592,0.761249,0.761499,0.761499,0
22-10-2019,0.764211,0.765128,0.762102,0.76414,0.76414,0
23-10-2019,0.763732,0.764292,0.762841,0.763709,0.763709,0
24-10-2019,0.764818,0.766225,0.763802,0.764935,0.764935,0
25-10-2019,0.76507,0.765931,0.764725,0.765076,0.765076,0
28-10-2019,0.765462,0.766401,0.764649,0.765521,0.765521,0
29-10-2019,0.765961,0.766754,0.76459,0.765955,0.765955,0
30-10-2019,0.763994,0.764935,0.758472,0.764,0.764,0
31-10-2019,0.759688,0.761186,0.758887,0.759567,0.759567,0
01-11-2019,0.759423,0.761035,0.757926,0.759446,0.759446,0
04-11-2019,0.761093,0.761789,0.759884,0.761035,0.761035,0
05-11-2019,0.760265,0.762544,0.758892,0.760364,0.760364,0
06-11-2019,0.760283,0.760341,0.758121,0.760398,0.760398,0
07-11-2019,0.758438,0.759994,0.757771,0.758403,0.758403,0
08-11-2019,0.75659,0.75683,0.75551,0.756024,0.756024,0
11-11-2019,0.756109,0.756848,0.755612,0.756132,0.756132,0
12-11-2019,0.755589,0.756573,0.754341,0.755744,0.755744,0
13-11-2019,0.755492,0.755801,0.753744,0.755475,0.755475,0
14-11-2019,0.754575,0.755013,0.753574,0.754609,0.754609,0
15-11-2019,0.754751,0.756544,0.754632,0.754728,0.754728,0
18-11-2019,0.756229,0.757289,0.755584,0.756292,0.756292,0
19-11-2019,0.757191,0.758093,0.755687,0.757186,0.757186,0
20-11-2019,0.753494,0.753693,0.750813,0.753506,0.753506,0
21-11-2019,0.751705,0.753597,0.750503,0.751767,0.751767,0
22-11-2019,0.752955,0.754466,0.752061,0.753125,0.753125,0
25-11-2019,0.752106,0.752842,0.750914,0.752123,0.752123,0
26-11-2019,0.751665,0.752842,0.750999,0.751705,0.751705,0
27-11-2019,0.753597,0.754205,0.752502,0.753636,0.753636,0
28-11-2019,0.752729,0.753018,0.751993,0.752695,0.752695,0
29-11-2019,0.753125,0.753211,0.751145,0.753029,0.753029,0
02-12-2019,0.752734,0.753296,0.751569,0.752791,0.752791,0
03-12-2019,0.751552,0.752899,0.750728,0.75171,0.75171,0
04-12-2019,0.752428,0.757088,0.752044,0.752338,0.752338,0
05-12-2019,0.758035,0.760109,0.758035,0.757995,0.757995,0
06-12-2019,0.758956,0.759301,0.753659,0.758956,0.758956,0
09-12-2019,0.75458,0.756264,0.753875,0.754728,0.754728,0
10-12-2019,0.755395,0.756315,0.754774,0.755453,0.755453,0
11-12-2019,0.755744,0.757627,0.755338,0.755801,0.755801,0
12-12-2019,0.759169,0.759878,0.758058,0.759146,0.759146,0
13-12-2019,0.760323,0.760341,0.757363,0.7603,0.7603,0
16-12-2019,0.758426,0.762602,0.758426,0.75853,0.75853,0
17-12-2019,0.759728,0.760688,0.758443,0.759705,0.759705,0
18-12-2019,0.759821,0.763202,0.759031,0.759925,0.759925,0
19-12-2019,0.762561,0.762835,0.761267,0.76255,0.76255,0
20-12-2019,0.762137,0.762137,0.75872,0.762021,0.762021,0
23-12-2019,0.760769,0.760861,0.758938,0.760664,0.760664,0
24-12-2019,0.760624,0.760746,0.759486,0.76056,0.76056,0
25-12-2019,0.759532,0.760456,0.758668,0.759647,0.759647,0
26-12-2019,0.760283,0.762631,0.759994,0.760167,0.760167,0
27-12-2019,0.762782,0.764976,0.762236,0.762893,0.762893,0
30-12-2019,0.764859,0.766107,0.764316,0.764912,0.764912,0
31-12-2019,0.765814,0.772016,0.76565,0.765662,0.765662,0
01-01-2020,0.769112,0.774036,0.76858,0.769112,0.769112,0
02-01-2020,0.770707,0.771087,0.768817,0.770832,0.770832,0
03-01-2020,0.770196,0.771533,0.768988,0.770238,0.770238,0
06-01-2020,0.769989,0.771426,0.769906,0.770024,0.770024,0
07-01-2020,0.771361,0.771784,0.767501,0.771373,0.771373,0
08-01-2020,0.769148,0.770624,0.766689,0.769047,0.769047,0
09-01-2020,0.767154,0.767754,0.763132,0.767077,0.767077,0
10-01-2020,0.765556,0.767477,0.764807,0.76555,0.76555,0
13-01-2020,0.765292,0.767342,0.765257,0.76538,0.76538,0
14-01-2020,0.76592,0.76646,0.76466,0.765955,0.765955,0
15-01-2020,0.765404,0.766989,0.764672,0.765374,0.765374,0
16-01-2020,0.766989,0.767401,0.765972,0.766989,0.766989,0
17-01-2020,0.766883,0.767283,0.764848,0.76693,0.76693,0
20-01-2020,0.765509,0.766284,0.765,0.765486,0.765486,0
21-01-2020,0.766566,0.766754,0.76469,0.766554,0.766554,0
22-01-2020,0.764877,0.767071,0.761128,0.764906,0.764906,0
23-01-2020,0.760902,0.760925,0.759221,0.761093,0.761093,0
24-01-2020,0.761783,0.762137,0.760433,0.761789,0.761789,0
27-01-2020,0.759832,0.760688,0.757622,0.759936,0.759936,0
28-01-2020,0.758259,0.759296,0.757295,0.758282,0.758282,0
29-01-2020,0.759653,0.760109,0.757151,0.759647,0.759647,0
30-01-2020,0.757805,0.757805,0.756104,0.757748,0.757748,0
31-01-2020,0.75706,0.757874,0.755059,0.756928,0.756928,0
03-02-2020,0.755247,0.755858,0.751716,0.755264,0.755264,0
04-02-2020,0.752174,0.754034,0.751818,0.752219,0.752219,0
05-02-2020,0.752853,0.753989,0.751789,0.752876,0.752876,0
06-02-2020,0.752666,0.753693,0.751399,0.752768,0.752768,0
07-02-2020,0.752644,0.752972,0.750892,0.752785,0.752785,0
10-02-2020,0.751225,0.752615,0.750289,0.751337,0.751337,0
11-02-2020,0.750897,0.753239,0.750801,0.75092,0.75092,0
12-02-2020,0.752445,0.755116,0.752174,0.752423,0.752423,0
13-02-2020,0.754341,0.755344,0.753523,0.75437,0.75437,0
14-02-2020,0.753892,0.755572,0.753682,0.753926,0.753926,0
17-02-2020,0.754991,0.756258,0.75478,0.754991,0.754991,0
18-02-2020,0.755458,0.755629,0.753177,0.755572,0.755572,0
19-02-2020,0.754569,0.756716,0.75441,0.754506,0.754506,0
20-02-2020,0.75631,0.756945,0.753693,0.756407,0.756407,0
21-02-2020,0.754148,0.756888,0.753693,0.754159,0.754159,0
24-02-2020,0.75454,0.754922,0.751484,0.754546,0.754546,0
25-02-2020,0.752536,0.753517,0.751586,0.752593,0.752593,0
26-02-2020,0.752978,0.753483,0.750666,0.753057,0.753057,0
27-02-2020,0.749423,0.750942,0.747775,0.749327,0.749327,0
28-02-2020,0.746982,0.747072,0.742843,0.747038,0.747038,0
02-03-2020,0.746007,0.751038,0.745556,0.745873,0.745873,0
03-03-2020,0.750475,0.750689,0.747446,0.750463,0.750463,0
04-03-2020,0.747596,0.750165,0.744568,0.747518,0.747518,0
05-03-2020,0.746993,0.747105,0.744502,0.747127,0.747127,0
06-03-2020,0.746759,0.747362,0.744164,0.746614,0.746614,0
09-03-2020,0.734241,0.739672,0.726966,0.734096,0.734096,0
10-03-2020,0.732097,0.734759,0.7249,0.732172,0.732172,0
11-03-2020,0.728337,0.730887,0.726681,0.728237,0.728237,0
12-03-2020,0.72618,0.727167,0.720845,0.726058,0.726058,0
13-03-2020,0.717334,0.725589,0.714587,0.717216,0.717216,0
16-03-2020,0.725263,0.725263,0.715052,0.724753,0.724753,0
17-03-2020,0.71375,0.716266,0.70491,0.713745,0.713745,0
18-03-2020,0.702227,0.705916,0.686983,0.702287,0.702287,0
19-03-2020,0.69087,0.693371,0.681826,0.692281,0.692281,0
20-03-2020,0.690026,0.706694,0.688326,0.689741,0.689741,0
23-03-2020,0.691319,0.697321,0.687663,0.691592,0.691592,0
24-03-2020,0.690708,0.695672,0.688208,0.690756,0.690756,0
25-03-2020,0.692631,0.699335,0.691592,0.692569,0.692569,0
26-03-2020,0.70323,0.713674,0.700501,0.703378,0.703378,0
27-03-2020,0.712043,0.71475,0.706759,0.712383,0.712383,0
30-03-2020,0.711658,0.713669,0.705074,0.711901,0.711901,0
31-03-2020,0.705114,0.709471,0.697039,0.705283,0.705283,0
01-04-2020,0.710369,0.710929,0.700732,0.710328,0.710328,0
02-04-2020,0.706699,0.710005,0.699795,0.706644,0.706644,0
03-04-2020,0.707544,0.709285,0.703042,0.707749,0.707749,0
06-04-2020,0.701631,0.709894,0.701494,0.701656,0.701656,0
07-04-2020,0.708707,0.717051,0.70809,0.708602,0.708602,0
08-04-2020,0.713628,0.71473,0.710252,0.713572,0.713572,0
09-04-2020,0.71398,0.717731,0.710525,0.714092,0.714092,0
10-04-2020,0.715001,0.717458,0.713883,0.714996,0.714996,0
13-04-2020,0.716127,0.718128,0.714965,0.715902,0.715902,0
14-04-2020,0.72043,0.721345,0.718153,0.720819,0.720819,0
15-04-2020,0.720352,0.720373,0.70806,0.720414,0.720414,0
16-04-2020,0.708316,0.71103,0.706589,0.70826,0.70826,0
17-04-2020,0.712388,0.714031,0.708406,0.712276,0.712276,0
20-04-2020,0.71182,0.712403,0.707609,0.711845,0.711845,0
21-04-2020,0.707849,0.708562,0.7011,0.707754,0.707754,0
22-04-2020,0.704816,0.708391,0.702449,0.704771,0.704771,0
23-04-2020,0.704985,0.714031,0.704339,0.70503,0.70503,0
24-04-2020,0.711005,0.713099,0.708536,0.710985,0.710985,0
27-04-2020,0.708767,0.712306,0.708592,0.708818,0.708818,0
28-04-2020,0.712504,0.71753,0.710793,0.712444,0.712444,0
29-04-2020,0.715154,0.718716,0.715037,0.715154,0.715154,0
30-04-2020,0.720658,0.721912,0.718566,0.720757,0.720757,0
01-05-2020,0.716753,0.716753,0.708858,0.716697,0.716697,0
04-05-2020,0.707494,0.711693,0.706684,0.707464,0.707464,0
05-05-2020,0.710106,0.713776,0.709537,0.710041,0.710041,0
06-05-2020,0.712129,0.713104,0.706429,0.712139,0.712139,0
07-05-2020,0.706329,0.715973,0.706175,0.70607,0.70607,0
08-05-2020,0.715748,0.718949,0.715528,0.715845,0.715845,0
11-05-2020,0.718071,0.719414,0.712129,0.718179,0.718179,0
12-05-2020,0.713287,0.715717,0.711086,0.713369,0.713369,0
13-05-2020,0.710212,0.713857,0.709391,0.710182,0.710182,0
14-05-2020,0.709527,0.710798,0.707264,0.709774,0.709774,0
15-05-2020,0.712591,0.713302,0.708752,0.712606,0.712606,0
18-05-2020,0.709638,0.716091,0.709421,0.709673,0.709673,0
19-05-2020,0.717345,0.720742,0.715917,0.717412,0.717412,0
20-05-2020,0.717638,0.721084,0.716841,0.717463,0.717463,0
21-05-2020,0.719005,0.719761,0.715866,0.719192,0.719192,0
22-05-2020,0.717149,0.717309,0.711845,0.717,0.717,0
25-05-2020,0.715052,0.715876,0.713924,0.715006,0.715006,0
26-05-2020,0.715712,0.725258,0.715569,0.715727,0.715727,0
27-05-2020,0.725474,0.728459,0.723547,0.725558,0.725558,0
28-05-2020,0.726966,0.728078,0.725279,0.727019,0.727019,0
29-05-2020,0.725911,0.72907,0.723081,0.726005,0.726005,0
01-06-2020,0.725737,0.735132,0.725663,0.725795,0.725795,0
02-06-2020,0.736382,0.741482,0.736382,0.736241,0.736241,0
03-06-2020,0.740165,0.741785,0.736931,0.740192,0.740192,0
04-06-2020,0.741158,0.742319,0.738645,0.741081,0.741081,0
05-06-2020,0.740636,0.746698,0.740083,0.740653,0.740653,0
08-06-2020,0.745974,0.747719,0.744269,0.74667,0.74667,0
09-06-2020,0.747787,0.748447,0.741433,0.748055,0.748055,0
10-06-2020,0.745057,0.747887,0.744258,0.745045,0.745045,0
11-06-2020,0.744857,0.74618,0.736567,0.74469,0.74469,0
12-06-2020,0.733396,0.739213,0.731781,0.733251,0.733251,0
15-06-2020,0.73353,0.736323,0.730882,0.733294,0.733294,0
16-06-2020,0.739076,0.740428,0.734419,0.738885,0.738885,0
17-06-2020,0.738716,0.740088,0.735684,0.738907,0.738907,0
18-06-2020,0.736469,0.739465,0.735029,0.736605,0.736605,0
19-06-2020,0.735592,0.7381,0.734516,0.735705,0.735705,0
22-06-2020,0.734274,0.738934,0.734004,0.734376,0.734376,0
23-06-2020,0.740532,0.741482,0.737045,0.740642,0.740642,0
24-06-2020,0.738525,0.739317,0.735121,0.738432,0.738432,0
25-06-2020,0.733014,0.734916,0.731647,0.732934,0.732934,0
26-06-2020,0.733224,0.7338,0.729129,0.733407,0.733407,0
29-06-2020,0.731149,0.732816,0.729725,0.731085,0.731085,0
30-06-2020,0.732064,0.735451,0.730007,0.732247,0.732247,0
01-07-2020,0.736681,0.73828,0.735651,0.736692,0.736692,0
02-07-2020,0.735862,0.737376,0.734112,0.735781,0.735781,0
03-07-2020,0.736941,0.737844,0.736448,0.736936,0.736936,0
06-07-2020,0.738089,0.739645,0.737528,0.738056,0.738056,0
07-07-2020,0.738367,0.739426,0.735137,0.738612,0.738612,0
08-07-2020,0.73484,0.738809,0.734101,0.735078,0.735078,0
09-07-2020,0.739809,0.741235,0.736171,0.739798,0.739798,0
10-07-2020,0.736328,0.736599,0.733681,0.736377,0.736377,0
13-07-2020,0.735397,0.738645,0.735262,0.735402,0.735402,0
14-07-2020,0.734711,0.735359,0.732853,0.734732,0.734732,0
15-07-2020,0.735337,0.7397,0.734916,0.735327,0.735327,0
16-07-2020,0.740357,0.740686,0.738253,0.740362,0.740362,0
17-07-2020,0.73667,0.737191,0.735922,0.736979,0.736979,0
20-07-2020,0.736665,0.739115,0.735327,0.736659,0.736659,0
21-07-2020,0.739536,0.744313,0.739459,0.739377,0.739377,0
22-07-2020,0.743699,0.74594,0.741669,0.743616,0.743616,0
23-07-2020,0.745334,0.748072,0.744846,0.745312,0.745312,0
24-07-2020,0.746035,0.747529,0.743793,0.746057,0.746057,0
27-07-2020,0.745195,0.748055,0.745195,0.745334,0.745334,0
28-07-2020,0.749709,0.750131,0.745985,0.749687,0.749687,0
29-07-2020,0.747507,0.749681,0.74706,0.747406,0.747406,0
30-07-2020,0.749563,0.750075,0.743075,0.749513,0.749513,0
31-07-2020,0.745562,0.747826,0.744308,0.745556,0.745556,0
03-08-2020,0.74638,0.746547,0.743472,0.746425,0.746425,0
04-08-2020,0.746553,0.749109,0.745212,0.746603,0.746603,0
05-08-2020,0.752128,0.755687,0.751535,0.752117,0.752117,0
06-08-2020,0.753807,0.755025,0.750638,0.753875,0.753875,0
07-08-2020,0.750683,0.751592,0.746436,0.750841,0.750841,0
10-08-2020,0.747049,0.749985,0.746608,0.747005,0.747005,0
11-08-2020,0.74894,0.753551,0.748789,0.748839,0.748839,0
12-08-2020,0.751303,0.755886,0.749299,0.751287,0.751287,0
13-08-2020,0.755264,0.757978,0.754728,0.755082,0.755082,0
14-08-2020,0.756241,0.757197,0.753568,0.756453,0.756453,0
17-08-2020,0.754495,0.757897,0.754051,0.75458,0.75458,0
18-08-2020,0.756372,0.760283,0.756275,0.756327,0.756327,0
19-08-2020,0.759959,0.761383,0.759071,0.760323,0.760323,0
20-08-2020,0.75683,0.759013,0.755133,0.756876,0.756876,0
21-08-2020,0.759186,0.760052,0.755624,0.759163,0.759163,0
24-08-2020,0.758766,0.761307,0.756235,0.758731,0.758731,0
25-08-2020,0.756544,0.758904,0.755407,0.756567,0.756567,0
26-08-2020,0.759515,0.761267,0.757295,0.759705,0.759705,0
27-08-2020,0.761081,0.763178,0.759561,0.761151,0.761151,0
28-08-2020,0.762021,0.766413,0.761539,0.762102,0.762102,0
31-08-2020,0.764415,0.767743,0.763155,0.764508,0.764508,0
01-09-2020,0.767077,0.769586,0.764731,0.767165,0.767165,0
02-09-2020,0.765972,0.766107,0.76365,0.766107,0.766107,0
03-09-2020,0.766448,0.766518,0.760017,0.766601,0.766601,0
04-09-2020,0.761441,0.764614,0.761093,0.761052,0.761052,0
07-09-2020,0.764742,0.765345,0.762457,0.764777,0.764777,0
08-09-2020,0.763592,0.764117,0.757455,0.763604,0.763604,0
09-09-2020,0.755384,0.760167,0.754216,0.755338,0.755338,0
10-09-2020,0.760242,0.76223,0.759342,0.760312,0.760312,0
11-09-2020,0.758357,0.760398,0.757983,0.758179,0.758179,0
14-09-2020,0.7588,0.760341,0.757811,0.758656,0.758656,0
15-09-2020,0.758829,0.761377,0.757507,0.758915,0.758915,0
16-09-2020,0.75784,0.760104,0.757593,0.757989,0.757989,0
17-09-2020,0.758691,0.758691,0.754882,0.758639,0.758639,0
18-09-2020,0.760803,0.761157,0.757639,0.760445,0.760445,0
21-09-2020,0.757725,0.759273,0.750818,0.757736,0.757736,0
22-09-2020,0.751665,0.752689,0.749327,0.75188,0.75188,0
23-09-2020,0.752117,0.752276,0.747826,0.752049,0.752049,0
24-09-2020,0.7473,0.748016,0.745329,0.747189,0.747189,0
25-09-2020,0.74908,0.749597,0.745495,0.748985,0.748985,0
28-09-2020,0.747384,0.748766,0.746118,0.747451,0.747451,0
29-09-2020,0.748576,0.748968,0.745634,0.748682,0.748682,0
30-09-2020,0.747222,0.750852,0.745151,0.747172,0.747172,0
01-10-2020,0.751597,0.753069,0.750779,0.75158,0.75158,0
02-10-2020,0.752734,0.75291,0.750171,0.752785,0.752785,0
05-10-2020,0.752361,0.754182,0.752315,0.752389,0.752389,0
06-10-2020,0.754188,0.75515,0.752848,0.754318,0.754318,0
07-10-2020,0.750734,0.753597,0.749631,0.750678,0.750678,0
08-10-2020,0.754233,0.756544,0.753892,0.754273,0.754273,0
09-10-2020,0.758035,0.762462,0.75784,0.758029,0.758029,0
12-10-2020,0.761557,0.763306,0.760896,0.761615,0.761615,0
13-10-2020,0.762724,0.763475,0.760711,0.762631,0.762631,0
14-10-2020,0.761058,0.762404,0.760063,0.760931,0.760931,0
15-10-2020,0.760555,0.760803,0.754375,0.760537,0.760537,0
16-10-2020,0.755949,0.758887,0.755447,0.756138,0.756138,0
19-10-2020,0.758731,0.760398,0.758127,0.758766,0.758766,0
20-10-2020,0.75811,0.762608,0.757381,0.758167,0.758167,0
21-10-2020,0.762253,0.764468,0.761267,0.762166,0.762166,0
22-10-2020,0.760283,0.761957,0.758927,0.760271,0.760271,0
23-10-2020,0.761174,0.762788,0.760005,0.761226,0.761226,0
26-10-2020,0.760595,0.761151,0.756538,0.760618,0.760618,0
27-10-2020,0.757277,0.760225,0.75706,0.757226,0.757226,0
28-10-2020,0.757978,0.758898,0.750047,0.758047,0.758047,0
29-10-2020,0.751213,0.753239,0.746876,0.751287,0.751287,0
30-10-2020,0.751117,0.753029,0.749226,0.751016,0.751016,0
02-11-2020,0.748195,0.754905,0.748156,0.748061,0.748061,0
03-11-2020,0.756401,0.763068,0.755681,0.756401,0.756401,0
04-11-2020,0.763353,0.763621,0.752038,0.763236,0.763236,0
05-11-2020,0.761731,0.76746,0.758967,0.761824,0.761824,0
06-11-2020,0.764397,0.767849,0.763609,0.764403,0.764403,0
09-11-2020,0.767967,0.773407,0.76756,0.767914,0.767914,0
10-11-2020,0.76874,0.7699,0.766313,0.768811,0.768811,0
11-11-2020,0.767489,0.768705,0.764824,0.767401,0.767401,0
12-11-2020,0.765873,0.765931,0.760601,0.765802,0.765802,0
13-11-2020,0.761302,0.762486,0.759215,0.761267,0.761267,0
16-11-2020,0.761992,0.765333,0.761742,0.761986,0.761986,0
17-11-2020,0.764859,0.76558,0.762491,0.764801,0.764801,0
18-11-2020,0.763126,0.766824,0.762381,0.763068,0.763068,0
19-11-2020,0.764059,0.765169,0.762108,0.764281,0.764281,0
20-11-2020,0.764228,0.766901,0.764228,0.764193,0.764193,0
23-11-2020,0.764193,0.766589,0.762689,0.764397,0.764397,0
24-11-2020,0.764842,0.768504,0.763971,0.764853,0.764853,0
25-11-2020,0.769355,0.769882,0.767548,0.769444,0.769444,0
26-11-2020,0.769065,0.769811,0.767919,0.769112,0.769112,0
27-11-2020,0.767914,0.770921,0.767778,0.768026,0.768026,0
30-11-2020,0.770244,0.773742,0.769527,0.770262,0.770262,0
01-12-2020,0.769776,0.772636,0.769776,0.769704,0.769704,0
02-12-2020,0.773108,0.77418,0.771706,0.773216,0.773216,0
03-12-2020,0.774168,0.777122,0.772774,0.774162,0.774162,0
04-12-2020,0.7772,0.781861,0.776832,0.777327,0.777327,0
07-12-2020,0.782387,0.782718,0.779302,0.782497,0.782497,0
08-12-2020,0.781024,0.78311,0.780281,0.781128,0.781128,0
09-12-2020,0.780305,0.783012,0.780189,0.780262,0.780262,0
10-12-2020,0.779727,0.786893,0.779666,0.779764,0.779764,0
11-12-2020,0.784886,0.786225,0.781739,0.784979,0.784979,0
14-12-2020,0.784258,0.786151,0.781922,0.784277,0.784277,0
15-12-2020,0.783681,0.785608,0.783018,0.783681,0.783681,0
16-12-2020,0.787464,0.78796,0.783533,0.787426,0.787426,0
17-12-2020,0.784548,0.787997,0.784388,0.784498,0.784498,0
18-12-2020,0.785429,0.785731,0.782191,0.785484,0.785484,0
21-12-2020,0.780652,0.781006,0.772016,0.780604,0.780604,0
22-12-2020,0.778016,0.778452,0.773192,0.778016,0.778016,0
23-12-2020,0.775555,0.778816,0.774443,0.775597,0.775597,0
24-12-2020,0.778695,0.780043,0.778022,0.778483,0.778483,0
25-12-2020,0.777563,0.786733,0.774413,0.778319,0.778319,0
28-12-2020,0.779047,0.780396,0.776681,0.77884,0.77884,0
29-12-2020,0.778634,0.78235,0.778634,0.778816,0.778816,0
30-12-2020,0.779861,0.784363,0.779648,0.779903,0.779903,0
31-12-2020,0.784277,0.786528,0.783939,0.784271,0.784271,0
01-01-2021,0.809723,0.809723,0.785608,0.809723,0.809723,0
04-01-2021,0.785941,0.789702,0.782112,0.786034,0.786034,0
05-01-2021,0.782473,0.787402,0.781959,0.782411,0.782411,0
06-01-2021,0.788868,0.791766,0.78625,0.788973,0.788973,0
07-01-2021,0.789472,0.78964,0.785379,0.789553,0.789553,0
08-01-2021,0.788308,0.789952,0.786201,0.788407,0.788407,0
11-01-2021,0.785793,0.786225,0.779174,0.785497,0.785497,0
12-01-2021,0.782938,0.785379,0.781867,0.783,0.783,0
13-01-2021,0.78703,0.787278,0.784621,0.786924,0.786924,0
14-01-2021,0.787507,0.791584,0.786955,0.787519,0.787519,0
15-01-2021,0.790683,0.791377,0.783527,0.790658,0.790658,0
18-01-2021,0.783116,0.783945,0.781348,0.783411,0.783411,0
19-01-2021,0.784437,0.786287,0.783521,0.784437,0.784437,0
20-01-2021,0.786028,0.793273,0.785453,0.785997,0.785997,0
21-01-2021,0.791897,0.79406,0.791139,0.792017,0.792017,0
22-01-2021,0.79062,0.791202,0.785719,0.79072,0.79072,0
25-01-2021,0.785953,0.788271,0.782607,0.785984,0.785984,0
26-01-2021,0.785022,0.787612,0.782356,0.785083,0.785083,0
27-01-2021,0.787929,0.788233,0.780135,0.78778,0.78778,0
28-01-2021,0.780329,0.781904,0.776379,0.780275,0.780275,0
29-01-2021,0.77949,0.784917,0.776759,0.779369,0.779369,0
01-02-2021,0.781232,0.783699,0.778956,0.781116,0.781116,0
02-02-2021,0.778295,0.782313,0.777115,0.778452,0.778452,0
03-02-2021,0.782179,0.783576,0.780665,0.782161,0.782161,0
04-02-2021,0.782154,0.782656,0.778634,0.782228,0.782228,0
05-02-2021,0.779739,0.783024,0.779271,0.779855,0.779855,0
08-02-2021,0.783736,0.784923,0.782393,0.783797,0.783797,0
09-02-2021,0.784911,0.786832,0.783478,0.785071,0.785071,0
10-02-2021,0.787588,0.789328,0.786869,0.787581,0.787581,0
11-02-2021,0.787681,0.789877,0.786813,0.78765,0.78765,0
12-02-2021,0.787346,0.787892,0.783582,0.787364,0.787364,0
15-02-2021,0.788146,0.791672,0.787979,0.788153,0.788153,0
16-02-2021,0.791371,0.793147,0.787321,0.791415,0.791415,0
17-02-2021,0.786776,0.788208,0.784646,0.786844,0.786844,0
18-02-2021,0.787507,0.78964,0.785589,0.787408,0.787408,0
19-02-2021,0.788594,0.794004,0.78659,0.788588,0.788588,0
22-02-2021,0.793657,0.794799,0.790308,0.793733,0.793733,0
23-02-2021,0.792965,0.79466,0.791064,0.793084,0.793084,0
24-02-2021,0.794086,0.79776,0.79389,0.794117,0.794117,0
25-02-2021,0.799194,0.80204,0.798002,0.79936,0.79936,0
26-02-2021,0.792946,0.794445,0.787278,0.793028,0.793028,0
01-03-2021,0.787612,0.790501,0.786677,0.78765,0.78765,0
02-03-2021,0.79107,0.792952,0.787563,0.791045,0.791045,0
03-03-2021,0.791396,0.794054,0.790058,0.791415,0.791415,0
04-03-2021,0.789067,0.795096,0.789067,0.789222,0.789222,0
05-03-2021,0.788874,0.790614,0.785367,0.788774,0.788774,0
08-03-2021,0.791603,0.792098,0.787451,0.791647,0.791647,0
09-03-2021,0.790039,0.794344,0.788469,0.79002,0.79002,0
10-03-2021,0.790833,0.79277,0.788494,0.790945,0.790945,0
11-03-2021,0.792311,0.796559,0.79218,0.792387,0.792387,0
12-03-2021,0.797779,0.802143,0.795387,0.797995,0.797995,0
15-03-2021,0.802021,0.803878,0.799239,0.80197,0.80197,0
16-03-2021,0.801494,0.803277,0.800032,0.801571,0.801571,0
17-03-2021,0.803678,0.803859,0.800698,0.803684,0.803684,0
18-03-2021,0.80709,0.808702,0.802671,0.807103,0.807103,0
19-03-2021,0.80041,0.802459,0.79706,0.800583,0.800583,0
22-03-2021,0.798594,0.801796,0.797423,0.798537,0.798537,0
23-03-2021,0.798716,0.79885,0.793991,0.798671,0.798671,0
24-03-2021,0.794445,0.79713,0.793109,0.794275,0.794275,0
25-03-2021,0.795102,0.79687,0.791929,0.795121,0.795121,0
26-03-2021,0.793456,0.796109,0.793361,0.793537,0.793537,0
29-03-2021,0.794635,0.795039,0.792117,0.794647,0.794647,0
30-03-2021,0.794243,0.794976,0.790758,0.794256,0.794256,0
31-03-2021,0.792355,0.797423,0.791878,0.792343,0.792343,0
01-04-2021,0.795988,0.796369,0.793594,0.795906,0.795906,0
02-04-2021,0.79713,0.798339,0.795418,0.797067,0.797067,0
05-04-2021,0.795684,0.799872,0.794067,0.795925,0.795925,0
06-04-2021,0.79885,0.799041,0.795273,0.798709,0.798709,0
07-04-2021,0.795513,0.795779,0.791609,0.795456,0.795456,0
08-04-2021,0.792833,0.795406,0.792017,0.792852,0.792852,0
09-04-2021,0.79602,0.798021,0.793028,0.796039,0.796039,0
12-04-2021,0.797957,0.798148,0.795627,0.798034,0.798034,0
13-04-2021,0.796007,0.798085,0.792085,0.796242,0.796242,0
14-04-2021,0.797747,0.799891,0.795267,0.797633,0.797633,0
15-04-2021,0.798875,0.801513,0.796445,0.798913,0.798913,0
16-04-2021,0.797181,0.800384,0.796273,0.797213,0.797213,0
19-04-2021,0.798977,0.801925,0.797741,0.798875,0.798875,0
20-04-2021,0.798499,0.801475,0.794534,0.798614,0.798614,0
21-04-2021,0.792808,0.802562,0.790639,0.792927,0.792927,0
22-04-2021,0.79968,0.801732,0.797836,0.799763,0.799763,0
23-04-2021,0.800122,0.801989,0.799699,0.799814,0.799814,0
26-04-2021,0.80075,0.8075,0.80075,0.800794,0.800794,0
27-04-2021,0.806705,0.807233,0.805289,0.806712,0.806712,0
28-04-2021,0.805951,0.809527,0.805406,0.806049,0.806049,0
29-04-2021,0.812942,0.814399,0.811675,0.812816,0.812816,0
30-04-2021,0.814578,0.815262,0.811576,0.814584,0.814584,0
03-05-2021,0.814279,0.815195,0.811926,0.814392,0.814392,0
04-05-2021,0.814531,0.814531,0.809894,0.814326,0.814326,0
05-05-2021,0.813008,0.816326,0.812665,0.812995,0.812995,0
06-05-2021,0.815235,0.820796,0.813855,0.815189,0.815189,0
07-05-2021,0.822625,0.824688,0.820331,0.822774,0.822774,0
10-05-2021,0.825314,0.827746,0.82447,0.825491,0.825491,0
11-05-2021,0.827034,0.827664,0.824858,0.826877,0.826877,0
12-05-2021,0.826788,0.82982,0.82428,0.826692,0.826692,0
13-05-2021,0.825028,0.826296,0.822768,0.825042,0.825042,0
14-05-2021,0.821666,0.827664,0.821106,0.821807,0.821807,0
17-05-2021,0.825559,0.8285,0.824056,0.825696,0.825696,0
18-05-2021,0.829036,0.832411,0.828844,0.829084,0.829084,0
19-05-2021,0.828535,0.829462,0.824967,0.828315,0.828315,0
20-05-2021,0.824334,0.830082,0.823479,0.824246,0.824246,0
21-05-2021,0.829064,0.831407,0.826911,0.829016,0.829016,0
24-05-2021,0.828548,0.829869,0.827506,0.828706,0.828706,0
25-05-2021,0.829944,0.831324,0.827952,0.829889,0.829889,0
26-05-2021,0.828912,0.830496,0.824844,0.828912,0.828912,0
27-05-2021,0.82443,0.829531,0.823662,0.824396,0.824396,0
28-05-2021,0.828439,0.828912,0.825151,0.828487,0.828487,0
31-05-2021,0.828041,0.829256,0.827191,0.827965,0.827965,0
01-06-2021,0.829236,0.832778,0.829009,0.829139,0.829139,0
02-06-2021,0.828638,0.830289,0.827198,0.828569,0.828569,0
03-06-2021,0.830599,0.831393,0.825144,0.830703,0.830703,0
04-06-2021,0.825798,0.828267,0.82426,0.825968,0.825968,0
07-06-2021,0.828157,0.829064,0.826003,0.828103,0.828103,0
08-06-2021,0.827356,0.828473,0.826358,0.827356,0.827356,0
09-06-2021,0.825443,0.829394,0.825443,0.825668,0.825668,0
10-06-2021,0.825416,0.828404,0.824797,0.82545,0.82545,0
11-06-2021,0.826754,0.827883,0.822172,0.826925,0.826925,0
14-06-2021,0.822598,0.824511,0.821693,0.822504,0.822504,0
15-06-2021,0.823655,0.82447,0.819531,0.823655,0.823655,0
16-06-2021,0.820722,0.822504,0.820345,0.820641,0.820641,0
17-06-2021,0.814405,0.815594,0.809363,0.814465,0.814465,0
18-06-2021,0.809959,0.810392,0.801359,0.810031,0.810031,0
21-06-2021,0.803077,0.808669,0.800974,0.803219,0.803219,0
22-06-2021,0.808355,0.808963,0.806322,0.808407,0.808407,0
23-06-2021,0.812275,0.816173,0.811148,0.812348,0.812348,0
24-06-2021,0.81279,0.814266,0.81034,0.81279,0.81279,0
25-06-2021,0.811524,0.814876,0.811162,0.811537,0.811537,0
28-06-2021,0.813597,0.813868,0.809926,0.813544,0.813544,0
29-06-2021,0.810747,0.81103,0.806634,0.810767,0.810767,0
30-06-2021,0.806647,0.809317,0.805004,0.806699,0.806699,0
01-07-2021,0.806731,0.808721,0.804784,0.806927,0.806927,0
02-07-2021,0.803878,0.81032,0.803258,0.803813,0.803813,0
05-07-2021,0.810846,0.811273,0.808486,0.81103,0.81103,0
06-07-2021,0.81036,0.812876,0.800371,0.810379,0.810379,0
07-07-2021,0.802491,0.805023,0.798888,0.802691,0.802691,0
08-07-2021,0.801166,0.80143,0.794269,0.801173,0.801173,0
09-07-2021,0.798091,0.802246,0.796438,0.798212,0.798212,0
12-07-2021,0.803277,0.803277,0.799207,0.803406,0.803406,0
13-07-2021,0.802994,0.803755,0.797601,0.802878,0.802878,0
14-07-2021,0.79848,0.803277,0.798454,0.798658,0.798658,0
15-07-2021,0.799041,0.799866,0.79478,0.799009,0.799009,0
16-07-2021,0.794224,0.796007,0.792921,0.794344,0.794344,0
19-07-2021,0.792544,0.792707,0.781195,0.792588,0.792588,0
20-07-2021,0.784357,0.786046,0.782161,0.78456,0.78456,0
21-07-2021,0.788892,0.798301,0.785639,0.788948,0.788948,0
22-07-2021,0.795564,0.798276,0.794136,0.795615,0.795615,0
23-07-2021,0.79602,0.796622,0.793443,0.795925,0.795925,0
26-07-2021,0.795627,0.798091,0.794313,0.795703,0.795703,0
27-07-2021,0.797264,0.797639,0.79401,0.797448,0.797448,0
28-07-2021,0.794256,0.7964,0.793651,0.794205,0.794205,0
29-07-2021,0.798792,0.804246,0.798155,0.798741,0.798741,0
30-07-2021,0.803239,0.804946,0.800903,0.803258,0.803258,0
02-08-2021,0.801841,0.803013,0.799834,0.802137,0.802137,0
03-08-2021,0.800038,0.800769,0.795235,0.79993,0.79993,0
04-08-2021,0.797894,0.799041,0.796071,0.797874,0.797874,0
05-08-2021,0.797181,0.801635,0.797181,0.79713,0.79713,0
06-08-2021,0.799936,0.80032,0.794875,0.799917,0.799917,0
09-08-2021,0.795418,0.797983,0.794489,0.795488,0.795488,0
10-08-2021,0.79521,0.798531,0.794363,0.795305,0.795305,0
11-08-2021,0.798856,0.800519,0.796978,0.798786,0.798786,0
12-08-2021,0.799674,0.800128,0.798199,0.799565,0.799565,0
13-08-2021,0.798799,0.799821,0.797976,0.798722,0.798722,0
16-08-2021,0.799105,0.799105,0.794723,0.798977,0.798977,0
17-08-2021,0.795463,0.795488,0.791565,0.79557,0.79557,0
18-08-2021,0.792004,0.793525,0.791014,0.791985,0.791985,0
19-08-2021,0.789827,0.790014,0.78025,0.789696,0.789696,0
20-08-2021,0.779508,0.780457,0.772344,0.779344,0.779344,0
23-08-2021,0.779995,0.789815,0.779952,0.779666,0.779666,0
24-08-2021,0.790376,0.79495,0.790045,0.790451,0.790451,0
25-08-2021,0.794086,0.79447,0.791133,0.793903,0.793903,0
26-08-2021,0.794319,0.794344,0.790208,0.794363,0.794363,0
27-08-2021,0.788271,0.792902,0.786949,0.788339,0.788339,0
30-08-2021,0.793084,0.795229,0.79159,0.792958,0.792958,0
31-08-2021,0.793103,0.795672,0.790401,0.793091,0.793091,0
01-09-2021,0.792751,0.794957,0.791402,0.792638,0.792638,0
02-09-2021,0.792625,0.796686,0.791271,0.792286,0.792286,0
03-09-2021,0.796648,0.800109,0.796292,0.796698,0.796698,0
06-09-2021,0.798053,0.798461,0.796305,0.798066,0.798066,0
07-09-2021,0.797785,0.79885,0.791008,0.797811,0.797811,0
08-09-2021,0.79072,0.792017,0.783638,0.790739,0.790739,0
09-09-2021,0.787606,0.790801,0.785756,0.787774,0.787774,0
10-09-2021,0.789584,0.794717,0.789123,0.789727,0.789727,0
13-09-2021,0.788787,0.791264,0.787799,0.788675,0.788675,0
14-09-2021,0.790708,0.793525,0.788538,0.790639,0.790639,0
15-09-2021,0.787954,0.791383,0.786955,0.788022,0.788022,0
16-09-2021,0.792192,0.79277,0.787557,0.792512,0.792512,0
17-09-2021,0.788612,0.79139,0.783638,0.78855,0.78855,0
20-09-2021,0.783576,0.783822,0.775675,0.783453,0.783453,0
21-09-2021,0.780884,0.784868,0.778368,0.781103,0.781103,0
22-09-2021,0.780256,0.785978,0.77977,0.779983,0.779983,0
23-09-2021,0.782167,0.791465,0.781549,0.782112,0.782112,0
24-09-2021,0.789883,0.791083,0.78562,0.789765,0.789765,0
27-09-2021,0.790576,0.793021,0.789316,0.790551,0.790551,0
28-09-2021,0.791904,0.794016,0.786986,0.792004,0.792004,0
29-09-2021,0.788955,0.789515,0.783969,0.78883,0.78883,0
30-09-2021,0.783945,0.79164,0.783945,0.78408,0.78408,0
01-10-2021,0.788389,0.790714,0.785139,0.788395,0.788395,0
04-10-2021,0.792142,0.796331,0.790308,0.792079,0.792079,0
05-10-2021,0.794407,0.796819,0.791973,0.794294,0.794294,0
06-10-2021,0.794628,0.794786,0.790701,0.794742,0.794742,0
07-10-2021,0.794578,0.797575,0.793783,0.794521,0.794521,0
08-10-2021,0.796946,0.803045,0.796096,0.797003,0.797003,0
11-10-2021,0.80091,0.803536,0.80091,0.801019,0.801019,0
12-10-2021,0.801282,0.803839,0.80016,0.801256,0.801256,0
13-10-2021,0.801494,0.804311,0.80143,0.801533,0.801533,0
14-10-2021,0.804124,0.809395,0.803994,0.804065,0.804065,0
15-10-2021,0.808211,0.810636,0.807142,0.808107,0.808107,0
18-10-2021,0.8081,0.80969,0.805906,0.808166,0.808166,0
19-10-2021,0.808336,0.812348,0.808257,0.808264,0.808264,0
20-10-2021,0.80954,0.81182,0.808715,0.809454,0.809454,0
21-10-2021,0.811431,0.813749,0.809494,0.811399,0.811399,0
22-10-2021,0.80844,0.811649,0.807376,0.808388,0.808388,0
25-10-2021,0.80844,0.81053,0.8072,0.808322,0.808322,0
26-10-2021,0.808081,0.809717,0.806875,0.80782,0.80782,0
27-10-2021,0.807181,0.812856,0.804428,0.807011,0.807011,0
28-10-2021,0.808473,0.810964,0.807644,0.808427,0.808427,0
29-10-2021,0.810091,0.811168,0.805971,0.809972,0.809972,0
01-11-2021,0.807787,0.809566,0.806244,0.807565,0.807565,0
02-11-2021,0.808211,0.808473,0.805023,0.808153,0.808153,0
03-11-2021,0.805997,0.806192,0.80291,0.805932,0.805932,0
04-11-2021,0.807839,0.80795,0.80195,0.807898,0.807898,0
05-11-2021,0.803142,0.803988,0.801333,0.803148,0.803148,0
08-11-2021,0.803174,0.804182,0.802266,0.803161,0.803161,0
09-11-2021,0.803697,0.804764,0.801064,0.803716,0.803716,0
10-11-2021,0.804246,0.807291,0.802987,0.804117,0.804117,0
11-11-2021,0.800833,0.801179,0.794174,0.800865,0.800865,0
12-11-2021,0.794351,0.797029,0.793474,0.794376,0.794376,0
15-11-2021,0.797092,0.799885,0.796489,0.797111,0.797111,0
16-11-2021,0.799086,0.800448,0.79602,0.799105,0.799105,0
17-11-2021,0.795767,0.797575,0.793399,0.795817,0.795817,0
18-11-2021,0.793053,0.794155,0.790745,0.792946,0.792946,0
19-11-2021,0.793411,0.79466,0.789833,0.79343,0.79343,0
22-11-2021,0.790264,0.791828,0.78809,0.790295,0.790295,0
23-11-2021,0.787309,0.787761,0.784671,0.787321,0.787321,0
24-11-2021,0.78893,0.790326,0.786838,0.788899,0.788899,0
25-11-2021,0.789833,0.791202,0.788849,0.789783,0.789783,0
26-11-2021,0.789827,0.789846,0.781348,0.789659,0.789659,0
29-11-2021,0.786046,0.786046,0.781708,0.785867,0.785867,0
30-11-2021,0.785114,0.785546,0.779545,0.785053,0.785053,0
01-12-2021,0.782957,0.786528,0.782387,0.782822,0.782822,0
02-12-2021,0.780622,0.782595,0.779029,0.780585,0.780585,0
03-12-2021,0.780123,0.784671,0.778525,0.780171,0.780171,0
06-12-2021,0.780049,0.782846,0.778719,0.780214,0.780214,0
07-12-2021,0.783699,0.791365,0.783269,0.783576,0.783576,0
08-12-2021,0.79077,0.793135,0.789509,0.790776,0.790776,0
09-12-2021,0.790489,0.790639,0.786491,0.790376,0.790376,0
10-12-2021,0.787042,0.788644,0.78525,0.786881,0.786881,0
13-12-2021,0.786219,0.787092,0.780116,0.78617,0.78617,0
14-12-2021,0.780884,0.781427,0.777678,0.780786,0.780786,0
15-12-2021,0.777254,0.778634,0.774018,0.777176,0.777176,0
16-12-2021,0.779077,0.783441,0.777811,0.779029,0.779029,0
17-12-2021,0.782515,0.782656,0.778531,0.782491,0.782491,0
20-12-2021,0.775386,0.776096,0.771414,0.775284,0.775284,0
21-12-2021,0.773102,0.774413,0.772499,0.773036,0.773036,0
22-12-2021,0.773826,0.779022,0.773826,0.773814,0.773814,0
23-12-2021,0.778137,0.780744,0.778028,0.778137,0.778137,0
24-12-2021,0.779691,0.782313,0.779296,0.779794,0.779794,0
27-12-2021,0.780384,0.782546,0.77844,0.780396,0.780396,0
28-12-2021,0.781971,0.782473,0.779837,0.782044,0.782044,0
29-12-2021,0.780396,0.781922,0.779192,0.780457,0.780457,0
30-12-2021,0.782295,0.783147,0.78053,0.782313,0.782313,0
31-12-2021,0.784745,0.791966,0.784314,0.784658,0.784658,0
03-01-2022,0.79007,0.790889,0.782589,0.789964,0.789964,0
04-01-2022,0.784228,0.78944,0.783355,0.784234,0.784234,0
05-01-2022,0.787185,0.787954,0.784979,0.787129,0.787129,0
06-01-2022,0.783846,0.786003,0.780439,0.783693,0.783693,0
07-01-2022,0.785737,0.790977,0.785571,0.785534,0.785534,0
10-01-2022,0.790789,0.793021,0.787842,0.790708,0.790708,0
11-01-2022,0.789559,0.79384,0.789316,0.789578,0.789578,0
12-01-2022,0.794982,0.80009,0.794982,0.795071,0.795071,0
13-01-2022,0.799827,0.803084,0.799373,0.799898,0.799898,0
14-01-2022,0.799405,0.801847,0.796635,0.799501,0.799501,0
17-01-2022,0.797391,0.800019,0.796756,0.797308,0.797308,0
18-01-2022,0.799105,0.800961,0.796933,0.798996,0.798996,0
19-01-2022,0.800237,0.80289,0.798473,0.80016,0.80016,0
20-01-2022,0.799335,0.802936,0.799303,0.799303,0.799303,0
21-01-2022,0.800122,0.800122,0.796679,0.799981,0.799981,0
24-01-2022,0.795956,0.796622,0.787358,0.796115,0.796115,0
25-01-2022,0.791973,0.792424,0.789391,0.792048,0.792048,0
26-01-2022,0.792657,0.79621,0.791252,0.792651,0.792651,0
27-01-2022,0.790145,0.790483,0.785799,0.789983,0.789983,0
28-01-2022,0.784615,0.78672,0.781482,0.784578,0.784578,0
31-01-2022,0.783644,0.787799,0.782803,0.783754,0.783754,0
01-02-2022,0.786213,0.790245,0.785848,0.786324,0.786324,0
02-02-2022,0.787923,0.790658,0.787123,0.788047,0.788047,0
03-02-2022,0.788283,0.789808,0.786491,0.788246,0.788246,0
04-02-2022,0.7887,0.789765,0.782032,0.788737,0.788737,0
07-02-2022,0.784603,0.789123,0.784049,0.784603,0.784603,0
08-02-2022,0.789521,0.78964,0.786176,0.78954,0.78954,0
09-02-2022,0.787154,0.78926,0.786504,0.787067,0.787067,0
10-02-2022,0.788843,0.791396,0.786281,0.788886,0.788886,0
11-02-2022,0.785336,0.789079,0.784123,0.785423,0.785423,0
14-02-2022,0.786046,0.786052,0.782313,0.785947,0.785947,0
15-02-2022,0.785669,0.787296,0.782865,0.785632,0.785632,0
16-02-2022,0.785867,0.78954,0.785861,0.785935,0.785935,0
17-02-2022,0.787637,0.788693,0.785478,0.787687,0.787687,0
18-02-2022,0.786875,0.789141,0.784185,0.787104,0.787104,0
21-02-2022,0.783957,0.786102,0.783785,0.783908,0.783908,0
22-02-2022,0.783933,0.786349,0.783184,0.783945,0.783945,0
23-02-2022,0.783245,0.788563,0.78322,0.783263,0.783263,0
24-02-2022,0.785379,0.785379,0.776603,0.785305,0.785305,0
25-02-2022,0.780817,0.785238,0.780068,0.780671,0.780671,0
28-02-2022,0.78373,0.789821,0.780719,0.783994,0.783994,0
01-03-2022,0.789578,0.790289,0.786764,0.789484,0.789484,0
02-03-2022,0.785947,0.790102,0.784714,0.785947,0.785947,0
03-03-2022,0.790764,0.794382,0.787954,0.790758,0.790758,0
04-03-2022,0.78926,0.789278,0.781904,0.789247,0.789247,0
07-03-2022,0.786615,0.788289,0.782546,0.786528,0.786528,0
08-03-2022,0.781311,0.781494,0.775266,0.781165,0.781165,0
09-03-2022,0.775922,0.781,0.775717,0.775855,0.775855,0
10-03-2022,0.781788,0.783748,0.778798,0.781342,0.781342,0
11-03-2022,0.783945,0.78778,0.781696,0.783951,0.783951,0
14-03-2022,0.785139,0.785349,0.781928,0.785213,0.785213,0
15-03-2022,0.779964,0.781836,0.776995,0.779964,0.779964,0
16-03-2022,0.783085,0.787985,0.782816,0.783159,0.783159,0
17-03-2022,0.788202,0.791377,0.7876,0.788221,0.788221,0
18-03-2022,0.791615,0.793922,0.790739,0.791665,0.791665,0
21-03-2022,0.793305,0.795241,0.792337,0.793286,0.793286,0
22-03-2022,0.794281,0.795513,0.792349,0.794407,0.794407,0
23-03-2022,0.794957,0.797264,0.79338,0.794736,0.794736,0
24-03-2022,0.796356,0.799316,0.794597,0.796229,0.796229,0
25-03-2022,0.798709,0.800051,0.796648,0.798697,0.798697,0
28-03-2022,0.800826,0.801713,0.794174,0.800826,0.800826,0
29-03-2022,0.798837,0.80177,0.798129,0.798837,0.798837,0
30-03-2022,0.800134,0.804421,0.799501,0.800134,0.800134,0
31-03-2022,0.801134,0.801571,0.797932,0.801134,0.801134,0
01-04-2022,0.800096,0.801616,0.79832,0.800096,0.800096,0
04-04-2022,0.798308,0.802053,0.798257,0.798308,0.798308,0
05-04-2022,0.800884,0.806387,0.800608,0.800884,0.800884,0
06-04-2022,0.801,0.801237,0.798684,0.801,0.801,0
07-04-2022,0.795938,0.797582,0.792952,0.795938,0.795938,0
08-04-2022,0.794489,0.795165,0.792487,0.794489,0.794489,0
11-04-2022,0.795165,0.795418,0.791897,0.795165,0.795165,0
12-04-2022,0.791133,0.794571,0.789827,0.791133,0.791133,0
13-04-2022,0.79149,0.794117,0.788917,0.79149,0.79149,0
14-04-2022,0.795785,0.798384,0.791114,0.795785,0.795785,0
15-04-2022,0.793462,0.794452,0.792418,0.793462,0.793462,0
18-04-2022,0.792707,0.793449,0.790952,0.792707,0.792707,0
19-04-2022,0.793638,0.795608,0.790808,0.793638,0.793638,0
20-04-2022,0.793418,0.801687,0.792236,0.793418,0.793418,0
21-04-2022,0.800884,0.802633,0.798289,0.800884,0.800884,0
22-04-2022,0.794338,0.79466,0.785947,0.794338,0.794338,0
25-04-2022,0.786102,0.786225,0.782699,0.786102,0.786102,0
26-04-2022,0.785201,0.788519,0.779678,0.785201,0.785201,0
27-04-2022,0.780878,0.782577,0.778016,0.780878,0.780878,0
28-04-2022,0.780396,0.781268,0.77647,0.780396,0.780396,0
29-04-2022,0.780969,0.786176,0.780202,0.780969,0.780969,0
02-05-2022,0.778028,0.778452,0.774449,0.778028,0.778028,0
03-05-2022,0.776759,0.779666,0.775597,0.776759,0.776759,0
04-05-2022,0.779192,0.781067,0.778253,0.779192,0.779192,0
05-05-2022,0.785102,0.786596,0.778271,0.785102,0.785102,0
06-05-2022,0.779606,0.780384,0.775506,0.779606,0.779606,0
09-05-2022,0.774102,0.774659,0.769758,0.774102,0.774102,0
10-05-2022,0.768734,0.771367,0.767065,0.768734,0.768734,0
11-05-2022,0.767389,0.773916,0.767112,0.767389,0.767389,0
12-05-2022,0.769562,0.770576,0.765779,0.769562,0.769562,0
13-05-2022,0.767866,0.77367,0.767519,0.767866,0.767866,0
16-05-2022,0.774773,0.776416,0.770392,0.774773,0.774773,0
17-05-2022,0.77821,0.780841,0.77798,0.77821,0.77821,0
18-05-2022,0.780756,0.781476,0.77795,0.780756,0.780756,0
19-05-2022,0.776144,0.782258,0.776036,0.776144,0.776144,0
20-05-2022,0.780056,0.782656,0.778543,0.780056,0.780056,0
23-05-2022,0.780518,0.783153,0.780153,0.780518,0.780518,0
24-05-2022,0.782038,0.78246,0.776922,0.782038,0.782038,0
25-05-2022,0.779885,0.780701,0.776398,0.779885,0.779885,0
26-05-2022,0.780019,0.78262,0.77841,0.780019,0.780019,0
27-05-2022,0.782901,0.785645,0.782393,0.782901,0.782901,0
30-05-2022,0.785935,0.790501,0.785836,0.785935,0.785935,0
31-05-2022,0.790189,0.791759,0.788302,0.790189,0.790189,0
01-06-2022,0.791202,0.792707,0.789036,0.791202,0.791202,0
02-06-2022,0.789559,0.794932,0.788308,0.789559,0.789559,0
03-06-2022,0.795558,0.796698,0.79447,0.795558,0.795558,0
06-06-2022,0.794603,0.797709,0.79384,0.794603,0.794603,0
07-06-2022,0.794913,0.797435,0.792544,0.794913,0.794913,0
08-06-2022,0.797664,0.798811,0.796343,0.797664,0.797664,0
09-06-2022,0.796686,0.796876,0.790083,0.796686,0.796686,0
10-06-2022,0.787234,0.788575,0.780543,0.787234,0.787234,0
13-06-2022,0.781397,0.781739,0.776428,0.781397,0.781397,0
14-06-2022,0.775795,0.777152,0.772762,0.775795,0.775795,0
15-06-2022,0.772511,0.774192,0.770891,0.772511,0.772511,0
16-06-2022,0.776796,0.777581,0.771135,0.776796,0.776796,0
17-06-2022,0.771974,0.772732,0.764649,0.771974,0.771974,0
20-06-2022,0.769201,0.770333,0.76779,0.769201,0.769201,0
21-06-2022,0.770309,0.774815,0.770167,0.770309,0.770309,0
22-06-2022,0.773282,0.774042,0.769491,0.773282,0.773282,0
23-06-2022,0.771379,0.773036,0.77009,0.771379,0.771379,0
24-06-2022,0.769995,0.775176,0.769278,0.769995,0.769995,0
27-06-2022,0.775368,0.777424,0.774269,0.775368,0.775368,0
28-06-2022,0.777061,0.780104,0.775567,0.777061,0.777061,0
29-06-2022,0.77682,0.778562,0.775296,0.77682,0.77682,0
30-06-2022,0.776199,0.777285,0.773306,0.776199,0.776199,0
01-07-2022,0.776778,0.777206,0.771325,0.776778,0.776778,0
04-07-2022,0.776036,0.778998,0.775074,0.776036,0.776036,0
05-07-2022,0.777768,0.77861,0.764351,0.777768,0.777768,0
06-07-2022,0.767177,0.768527,0.764719,0.767177,0.767177,0
07-07-2022,0.767224,0.771319,0.766066,0.767224,0.767224,0
08-07-2022,0.771248,0.773036,0.767224,0.771248,0.771248,0
11-07-2022,0.77238,0.772254,0.766319,0.77238,0.77238,0
12-07-2022,0.769539,0.769764,0.766325,0.769539,0.769539,0
13-07-2022,0.767383,0.773019,0.765732,0.767383,0.767383,0
14-07-2022,0.769178,0.77101,0.756344,0.769178,0.769178,0
15-07-2022,0.762893,0.768315,0.761348,0.762893,0.762893,0
18-07-2022,0.768675,0.775176,0.767813,0.768675,0.768675,0
19-07-2022,0.770339,0.776096,0.769995,0.770339,0.770339,0
20-07-2022,0.776946,0.778028,0.774893,0.776946,0.776946,0
21-07-2022,0.776217,0.777726,0.77306,0.776217,0.776217,0
22-07-2022,0.776518,0.779764,0.775452,0.776518,0.776518,0
25-07-2022,0.773718,0.778652,0.772529,0.773718,0.773718,0
26-07-2022,0.778168,0.780202,0.775422,0.778168,0.778168,0
27-07-2022,0.776778,0.778513,0.775254,0.776778,0.776778,0
28-07-2022,0.780208,0.781525,0.777224,0.780208,0.780208,0
29-07-2022,0.780823,0.781898,0.777986,0.780823,0.780823,0
01-08-2022,0.780299,0.783275,0.778931,0.780299,0.780299,0
02-08-2022,0.778628,0.778974,0.775988,0.778628,0.778628,0
03-08-2022,0.775922,0.779126,0.775735,0.775922,0.775922,0
04-08-2022,0.777992,0.780171,0.776675,0.777992,0.777992,0
05-08-2022,0.776989,0.777363,0.770315,0.776989,0.776989,0
08-08-2022,0.772529,0.778877,0.772254,0.772529,0.772529,0
09-08-2022,0.777786,0.778634,0.775964,0.777786,0.777786,0
10-08-2022,0.776042,0.784135,0.77553,0.776042,0.776042,0
11-08-2022,0.78284,0.785663,0.781788,0.78284,0.78284,0
12-08-2022,0.783521,0.784935,0.781183,0.783521,0.783521,0
15-08-2022,0.782503,0.782914,0.773234,0.782503,0.782503,0
16-08-2022,0.774978,0.777895,0.773581,0.774978,0.774978,0
17-08-2022,0.778489,0.779575,0.77306,0.778489,0.778489,0
18-08-2022,0.774126,0.776373,0.772433,0.774126,0.774126,0
19-08-2022,0.772374,0.772499,0.768752,0.772374,0.772374,0
22-08-2022,0.769213,0.770713,0.766454,0.769213,0.769213,0
23-08-2022,0.766395,0.773132,0.765591,0.766395,0.766395,0
24-08-2022,0.771724,0.772995,0.768291,0.771724,0.771724,0
25-08-2022,0.770992,0.775404,0.770737,0.770992,0.770992,0
26-08-2022,0.772941,0.774911,0.768663,0.772941,0.772941,0
29-08-2022,0.765621,0.769704,0.764789,0.765621,0.765621,0
30-08-2022,0.769154,0.770885,0.763038,0.769154,0.769154,0
31-08-2022,0.763971,0.765462,0.761133,0.763971,0.763971,0
01-09-2022,0.760965,0.760919,0.757186,0.760965,0.760965,0
02-09-2022,0.760746,0.764836,0.759353,0.760746,0.760746,0
05-09-2022,0.760879,0.76162,0.759134,0.760879,0.760879,0
06-09-2022,0.761673,0.763592,0.759446,0.761673,0.761673,0
07-09-2022,0.760237,0.760364,0.757128,0.760237,0.760237,0
08-09-2022,0.76162,0.763068,0.760104,0.76162,0.76162,0
09-09-2022,0.764479,0.770303,0.764473,0.764479,0.764479,0
12-09-2022,0.767872,0.771337,0.767118,0.767872,0.767872,0
13-09-2022,0.770422,0.771968,0.761945,0.770422,0.770422,0
14-09-2022,0.759728,0.761151,0.757329,0.759728,0.759728,0
15-09-2022,0.75985,0.760225,0.756968,0.75985,0.75985,0
16-09-2022,0.754888,0.755984,0.751518,0.754888,0.754888,0
19-09-2022,0.75425,0.754774,0.749479,0.75425,0.75425,0
20-09-2022,0.755093,0.755989,0.748895,0.755093,0.755093,0
21-09-2022,0.748335,0.748615,0.745807,0.748335,0.748335,0
22-09-2022,0.741911,0.745723,0.738405,0.741911,0.741911,0
23-09-2022,0.74233,0.742523,0.736117,0.74233,0.74233,0
26-09-2022,0.736334,0.737224,0.726565,0.736334,0.736334,0
27-09-2022,0.729363,0.73317,0.727135,0.729363,0.729363,0
28-09-2022,0.72873,0.732692,0.723003,0.72873,0.72873,0
29-09-2022,0.733789,0.733767,0.727014,0.733789,0.733789,0
30-09-2022,0.731288,0.732032,0.727077,0.731288,0.731288,0
03-10-2022,0.725305,0.733444,0.724428,0.725305,0.725305,0
04-10-2022,0.733778,0.737877,0.731866,0.733778,0.733778,0
05-10-2022,0.740445,0.740505,0.730215,0.740445,0.740445,0
06-10-2022,0.735413,0.737235,0.727077,0.735413,0.735413,0
07-10-2022,0.727749,0.731144,0.726771,0.727749,0.727749,0
10-10-2022,0.728221,0.729725,0.725774,0.728221,0.728221,0
11-10-2022,0.725953,0.727993,0.721803,0.725953,0.725953,0
12-10-2022,0.725084,0.726544,0.723176,0.725084,0.725084,0
13-10-2022,0.723888,0.724795,0.722721,0.72458,0.72458,0
